date,country,pricing_power_index,ppi_basis,monetization_products,monetization_depth,feature_monetization_index,plans_offered,plans_with_promo,promotion_intensity,competitor_response_lag_days
2026-09-25,AE,,,,,,3,0,0,
2026-09-25,AR,,,,,,,,,
2026-09-25,AU,,,,,,4,0,0,
2026-09-25,BE,,,,,,4,2,0.5,
2026-09-25,BR,1,Apple Music,,,,4,2,0.5,
2026-09-25,CA,1.167,Apple Music,,,,4,2,0.5,
2026-09-25,CH,1.07,Apple Music,,,,4,2,0.5,
2026-09-25,CL,,,,,,,,,
2026-09-25,CO,1,Apple Music,,,,4,2,0.5,
2026-09-25,DE,1.083,Apple Music,,,,4,0,0,
2026-09-25,DK,1,Apple Music,,,,4,0,0,
2026-09-25,EG,,,,,,2,0,0,
2026-09-25,ES,1,Apple Music,,,,4,0,0,
2026-09-25,FR,1.013,Apple Music,,,,4,0,0,
2026-09-25,GB,1.083,Apple Music,,,,4,0,0,
2026-09-25,ID,,,,,,3,0,0,
2026-09-25,IE,1.083,Apple Music,,,,4,2,0.5,
2026-09-25,IN,,,,,,3,0,0,
2026-09-25,IT,1,Apple Music,,,,4,0,0,
2026-09-25,JP,,,,,,4,0,0,
2026-09-25,KR,,,,,,4,0,0,
2026-09-25,MX,1,Apple Music,,,,4,2,0.5,
2026-09-25,NL,1.167,Apple Music,,,,4,0,0,
2026-09-25,NO,1,Apple Music,,,,4,0,0,
2026-09-25,PE,,,,,,,,,
2026-09-25,PH,,,,,,4,0,0,
2026-09-25,PL,1,Apple Music,,,,4,2,0.5,
2026-09-25,PT,1,Apple Music,,,,4,2,0.5,
2026-09-25,SA,,,,,,3,0,0,
2026-09-25,SE,1.084,Apple Music,,,,4,0,0,
2026-09-25,TH,,,,,,4,0,0,
2026-09-25,TR,1.1,Apple Music,,,,4,2,0.5,
2026-09-25,US,0.929,Apple Music+YouTube Premium,,,,4,2,0.5,
2026-09-25,VN,,,,,,2,0,0,
2026-09-25,ZA,,,,,,3,0,0,
2026-09-26,AE,,,,,,3,3,1,
2026-09-26,BE,,,,,,4,0,0,
2026-09-26,BR,,,,,,4,4,1,
2026-09-26,CA,,,,,,4,0,0,
2026-09-26,CH,,,,,,4,0,0,
2026-09-26,CO,,,,,,4,4,1,
2026-09-26,DE,,,,,,4,0,0,
2026-09-26,DK,,,,,,4,0,0,
2026-09-26,EG,,,,,,4,4,1,
2026-09-26,ES,,,,,,4,0,0,
2026-09-26,FR,,,,,,4,0,0,
2026-09-26,GB,,,,,,4,0,0,
2026-09-26,ID,,,,,,3,3,1,
2026-09-26,IE,,,,,,4,0,0,
2026-09-26,IN,,,,,,3,3,1,
2026-09-26,IT,,,,,,4,0,0,
2026-09-26,KR,,,,,,4,4,1,
2026-09-26,MX,,,,,,4,0,0,
2026-09-26,NL,,,,,,4,0,0,
2026-09-26,NO,,,,,,4,0,0,
2026-09-26,PH,,,,,,4,4,1,
2026-09-26,PL,,,,,,4,0,0,
2026-09-26,PT,,,,,,4,0,0,
2026-09-26,SE,,,,,,4,0,0,
2026-09-26,TH,,,,,,4,4,1,
2026-09-26,TR,,,,,,4,0,0,
2026-09-26,US,0.929,Apple Music+YouTube Premium,,,,4,4,1,
2026-09-26,VN,,,,,,2,2,1,
2026-09-26,ZA,,,,,,3,3,1,
2026-09-27,AE,,,,,,3,3,1,
2026-09-27,AU,1.067,Apple Music,,,,4,4,1,
2026-09-27,BE,,,,,,4,4,1,
2026-09-27,BR,1,Apple Music,,,,2,2,1,
2026-09-27,CA,1.167,Apple Music,,,,4,4,1,
2026-09-27,CH,1.07,Apple Music,,,,4,4,1,
2026-09-27,DE,1.083,Apple Music,,,,4,4,1,
2026-09-27,DK,,,,,,4,4,1,
2026-09-27,ES,1,Apple Music,,,,1,1,1,
2026-09-27,FR,1.013,Apple Music,,,,4,4,1,
2026-09-27,GB,1.083,Apple Music,,,,4,4,1,
2026-09-27,ID,,,,,,2,2,1,
2026-09-27,IE,,,,,,4,4,1,
2026-09-27,IN,1,Apple Music,,,,3,3,1,
2026-09-27,IT,1,Apple Music,,,,4,4,1,
2026-09-27,JP,,,,,,,,,
2026-09-27,KR,1.347,Apple Music,,,,4,4,1,
2026-09-27,MX,1,Apple Music,,,,2,2,1,
2026-09-27,NG,,,,,,4,4,1,
2026-09-27,NL,1.167,Apple Music,,,,4,4,1,
2026-09-27,NO,,,,,,4,4,1,
2026-09-27,PH,,,,,,4,4,1,
2026-09-27,PL,,,,,,4,4,1,
2026-09-27,PT,1,Apple Music,,,,4,4,1,
2026-09-27,SE,,,,,,4,4,1,
2026-09-27,TH,,,,,,4,4,1,
2026-09-27,TR,,,,,,4,4,1,
2026-09-27,US,0.812,YouTube Premium,,,,4,4,1,
2026-09-27,VN,,,,,,2,2,1,
2026-09-27,ZA,,,,,,4,4,1,
2026-09-28,AE,,,,,,3,2,0.667,
2026-09-28,AR,,,,,,4,2,0.5,
2026-09-28,AU,1.067,Apple Music,,,,4,2,0.5,
2026-09-28,BE,,,,,,4,2,0.5,
2026-09-28,BR,,,,,,4,2,0.5,
2026-09-28,CA,1.167,Apple Music,,,,4,2,0.5,
2026-09-28,CH,,,,,,4,2,0.5,
2026-09-28,CL,,,,,,4,2,0.5,
2026-09-28,CO,,,,,,4,2,0.5,
2026-09-28,DE,,,,,,4,2,0.5,
2026-09-28,DK,,,,,,4,2,0.5,
2026-09-28,ES,,,,,,4,2,0.5,
2026-09-28,FR,,,,,,4,2,0.5,
2026-09-28,GB,1.04,Apple Music+YouTube Premium,,,,4,2,0.5,
2026-09-28,ID,,,,,,3,2,0.667,
2026-09-28,IE,,,,,,4,2,0.5,
2026-09-28,IN,1,Apple Music,,,,3,2,0.667,
2026-09-28,IT,,,,,,4,2,0.5,
2026-09-28,JP,,,,,,4,2,0.5,
2026-09-28,MX,,,,,,4,2,0.5,
2026-09-28,NG,,,,,,4,2,0.5,
2026-09-28,NL,,,,,,4,2,0.5,
2026-09-28,NO,,,,,,4,2,0.5,
2026-09-28,PE,,,,,,4,2,0.5,
2026-09-28,PH,,,,,,4,4,1,
2026-09-28,PL,,,,,,4,2,0.5,
2026-09-28,PT,,,,,,4,2,0.5,
2026-09-28,SA,,,,,,2,1,0.5,
2026-09-28,SE,,,,,,4,2,0.5,
2026-09-28,TH,,,,,,4,4,1,
2026-09-28,TR,,,,,,4,2,0.5,
2026-09-28,US,0.929,Apple Music+YouTube Premium,,,,4,2,0.5,
2026-09-28,VN,,,,,,2,2,1,
2026-09-28,ZA,,,,,,3,2,0.667,
