date,country,metric,spotify,currency,apple,youtube,previous,change_pct,source_url,flag
2026-09-25,AE,Platinum price,59.99,AED,,,,,https://www.spotify.com/ae-en/premium/,
2026-09-25,AE,Individual price,23.99,AED,,,,,https://www.spotify.com/ae-en/premium/,
2026-09-25,AE,Student price,12.99,AED,,,,,https://www.spotify.com/ae-en/premium/,
2026-09-25,AE,Promo offers,0,,,,,,https://www.spotify.com/ae-en/premium/,
2026-09-25,AU,Duo price,22.99,AUD,,,,,https://www.spotify.com/au/premium/,
2026-09-25,AU,Family price,27.99,AUD,,,,,https://www.spotify.com/au/premium/,
2026-09-25,AU,Individual price,15.99,AUD,,,,,https://www.spotify.com/au/premium/,
2026-09-25,AU,Student price,7.99,AUD,,,,,https://www.spotify.com/au/premium/,
2026-09-25,AU,Promo offers,0,,,,,,https://www.spotify.com/au/premium/,
2026-09-25,BE,Duo price,19.99,EUR,,,,,https://www.spotify.com/be-fr/premium/,
2026-09-25,BE,Family price,23.99,EUR,,,,,https://www.spotify.com/be-fr/premium/,
2026-09-25,BE,Individual price,13.99,EUR,,,,,https://www.spotify.com/be-fr/premium/,
2026-09-25,BE,Student price,6.99,EUR,,,,,https://www.spotify.com/be-fr/premium/,
2026-09-25,BE,Trial months,1,,,,,,https://www.spotify.com/be-fr/premium/,
2026-09-25,BE,Promo offers,2,,,,,,https://www.spotify.com/be-fr/premium/,
2026-09-25,BR,Duo price,31.9,BRL,,,,,https://www.spotify.com/br-pt/premium/,
2026-09-25,BR,Family price,40.9,BRL,,,,,https://www.spotify.com/br-pt/premium/,
2026-09-25,BR,Individual price,23.9,BRL,23.9,,,,https://www.spotify.com/br-pt/premium/,
2026-09-25,BR,Student price,12.9,BRL,,,,,https://www.spotify.com/br-pt/premium/,
2026-09-25,BR,Trial months,1,,,,,,https://www.spotify.com/br-pt/premium/,
2026-09-25,BR,Promo offers,2,,0,,,,https://www.spotify.com/br-pt/premium/,
2026-09-25,CA,Duo price,19.99,CAD,,,,,https://www.spotify.com/ca-en/premium/,
2026-09-25,CA,Family price,23.99,CAD,19.99,,,,https://www.spotify.com/ca-en/premium/,
2026-09-25,CA,Individual price,13.99,CAD,11.99,,,,https://www.spotify.com/ca-en/premium/,
2026-09-25,CA,Student price,6.39,CAD,5.99,,,,https://www.spotify.com/ca-en/premium/,
2026-09-25,CA,Trial months,1,,,,,,https://www.spotify.com/ca-en/premium/,
2026-09-25,CA,Promo offers,2,,3,,,,https://www.spotify.com/ca-en/premium/,
2026-09-25,CH,Duo price,21.95,CHF,,,,,https://www.spotify.com/ch-de/premium/,
2026-09-25,CH,Family price,26.95,CHF,24.9,,,,https://www.spotify.com/ch-de/premium/,
2026-09-25,CH,Individual price,15.95,CHF,14.9,,,,https://www.spotify.com/ch-de/premium/,
2026-09-25,CH,Student price,8.95,CHF,8.9,,,,https://www.spotify.com/ch-de/premium/,
2026-09-25,CH,Trial months,1,,,,,,https://www.spotify.com/ch-de/premium/,
2026-09-25,CH,Promo offers,2,,0,,,,https://www.spotify.com/ch-de/premium/,
2026-09-25,CO,Duo price,24500,COP,,,,,https://www.spotify.com/co-es/premium/,
2026-09-25,CO,Family price,30500,COP,,,,,https://www.spotify.com/co-es/premium/,
2026-09-25,CO,Individual price,18500,COP,18500,,,,https://www.spotify.com/co-es/premium/,
2026-09-25,CO,Student price,10100,COP,,,,,https://www.spotify.com/co-es/premium/,
2026-09-25,CO,Trial months,1,,,,,,https://www.spotify.com/co-es/premium/,
2026-09-25,CO,Promo offers,2,,0,,,,https://www.spotify.com/co-es/premium/,
2026-09-25,DE,Duo price,17.99,EUR,,,,,https://www.spotify.com/de/premium/,
2026-09-25,DE,Family price,21.99,EUR,19.99,,,,https://www.spotify.com/de/premium/,
2026-09-25,DE,Individual price,12.99,EUR,11.99,,,,https://www.spotify.com/de/premium/,
2026-09-25,DE,Student price,6.99,EUR,6.99,,,,https://www.spotify.com/de/premium/,
2026-09-25,DE,Promo offers,0,,0,,,,https://www.spotify.com/de/premium/,
2026-09-25,DK,Duo price,169,DKK,,,,,https://www.spotify.com/dk/premium/,
2026-09-25,DK,Family price,199,DKK,199,,,,https://www.spotify.com/dk/premium/,
2026-09-25,DK,Individual price,119,DKK,119,,,,https://www.spotify.com/dk/premium/,
2026-09-25,DK,Student price,65,DKK,65,,,,https://www.spotify.com/dk/premium/,
2026-09-25,DK,Promo offers,0,,0,,,,https://www.spotify.com/dk/premium/,
2026-09-25,EG,Individual price,79,EGP,,,,,https://www.spotify.com/eg-en/premium/,
2026-09-25,EG,Student price,39,EGP,,,,,https://www.spotify.com/eg-en/premium/,
2026-09-25,EG,Promo offers,0,,,,,,https://www.spotify.com/eg-en/premium/,
2026-09-25,ES,Duo price,16.99,EUR,,,,,https://www.spotify.com/es/premium/,
2026-09-25,ES,Family price,20.99,EUR,19.99,,,,https://www.spotify.com/es/premium/,
2026-09-25,ES,Individual price,11.99,EUR,11.99,,,,https://www.spotify.com/es/premium/,
2026-09-25,ES,Student price,6.49,EUR,6.99,,,,https://www.spotify.com/es/premium/,
2026-09-25,ES,Promo offers,0,,0,,,,https://www.spotify.com/es/premium/,
2026-09-25,FR,Duo price,17.2,EUR,,,,,https://www.spotify.com/fr/premium/,
2026-09-25,FR,Family price,21.24,EUR,19.99,,,,https://www.spotify.com/fr/premium/,
2026-09-25,FR,Individual price,12.14,EUR,11.99,,,,https://www.spotify.com/fr/premium/,
2026-09-25,FR,Student price,7.07,EUR,6.99,,,,https://www.spotify.com/fr/premium/,
2026-09-25,FR,Promo offers,0,,0,,,,https://www.spotify.com/fr/premium/,
2026-09-25,GB,Duo price,17.99,GBP,,,,,https://www.spotify.com/uk/premium/,
2026-09-25,GB,Family price,21.99,GBP,19.99,,,,https://www.spotify.com/uk/premium/,
2026-09-25,GB,Individual price,12.99,GBP,11.99,,,,https://www.spotify.com/uk/premium/,
2026-09-25,GB,Student price,5.99,GBP,5.99,,,,https://www.spotify.com/uk/premium/,
2026-09-25,GB,Promo offers,0,,3,,,,https://www.spotify.com/uk/premium/,
2026-09-25,ID,Platinum price,119900,IDR,,,,,https://www.spotify.com/id-en/premium/,
2026-09-25,ID,Individual price,59900,IDR,,,,,https://www.spotify.com/id-en/premium/,
2026-09-25,ID,Student price,29900,IDR,,,,,https://www.spotify.com/id-en/premium/,
2026-09-25,ID,Promo offers,0,,,,,,https://www.spotify.com/id-en/premium/,
2026-09-25,IE,Duo price,18.99,EUR,,,,,https://www.spotify.com/ie/duo/,
2026-09-25,IE,Family price,22.99,EUR,19.99,,,,https://www.spotify.com/ie/family/,
2026-09-25,IE,Individual price,12.99,EUR,11.99,,,,https://www.spotify.com/ie/premium/,
2026-09-25,IE,Student price,6.99,EUR,6.99,,,,https://www.spotify.com/ie/premium/,
2026-09-25,IE,Trial months,1,,,,,,https://www.spotify.com/ie/duo/,
2026-09-25,IE,Promo offers,2,,0,,,,https://www.spotify.com/ie/duo/,
2026-09-25,IN,Platinum price,299,INR,,,,,https://www.spotify.com/in-en/premium/,
2026-09-25,IN,Individual price,139,INR,,,,,https://www.spotify.com/in-en/premium/,
2026-09-25,IN,Student price,69,INR,,,,,https://www.spotify.com/in-en/premium/,
2026-09-25,IN,Promo offers,0,,,,,,https://www.spotify.com/in-en/premium/,
2026-09-25,IT,Duo price,16.99,EUR,,,,,https://www.spotify.com/it/premium/,
2026-09-25,IT,Family price,20.99,EUR,19.99,,,,https://www.spotify.com/it/premium/,
2026-09-25,IT,Individual price,11.99,EUR,11.99,,,,https://www.spotify.com/it/premium/,
2026-09-25,IT,Student price,6.49,EUR,6.99,,,,https://www.spotify.com/it/premium/,
2026-09-25,IT,Promo offers,0,,0,,,,https://www.spotify.com/it/premium/,
2026-09-25,JP,Duo price,1480,JPY,,,,,https://www.spotify.com/jp/premium/,
2026-09-25,JP,Family price,1880,JPY,,,,,https://www.spotify.com/jp/premium/,
2026-09-25,JP,Individual price,1080,JPY,,,,,https://www.spotify.com/jp/premium/,
2026-09-25,JP,Student price,580,JPY,,,,,https://www.spotify.com/jp/premium/,
2026-09-25,JP,Promo offers,0,,,,,,https://www.spotify.com/jp/premium/,
2026-09-25,KR,Basic price,8690,KRW,,,,,https://www.spotify.com/kr-ko/premium/,
2026-09-25,KR,Duo price,17985,KRW,,,,,https://www.spotify.com/kr-ko/premium/,
2026-09-25,KR,Individual price,11990,KRW,,,,,https://www.spotify.com/kr-ko/premium/,
2026-09-25,KR,Student price,6600,KRW,,,,,https://www.spotify.com/kr-ko/premium/,
2026-09-25,KR,Promo offers,0,,,,,,https://www.spotify.com/kr-ko/premium/,
2026-09-25,MX,Duo price,189,MXN,,,,,https://www.spotify.com/mx/premium/,
2026-09-25,MX,Family price,239,MXN,239,,,,https://www.spotify.com/mx/premium/,
2026-09-25,MX,Individual price,139,MXN,139,,,,https://www.spotify.com/mx/premium/,
2026-09-25,MX,Student price,74,MXN,75,,,,https://www.spotify.com/mx/premium/,
2026-09-25,MX,Trial months,1,,,,,,https://www.spotify.com/mx/premium/,
2026-09-25,MX,Promo offers,2,,3,,,,https://www.spotify.com/mx/premium/,
2026-09-25,NL,Duo price,19.99,EUR,,,,,https://www.spotify.com/nl/premium/,
2026-09-25,NL,Family price,23.99,EUR,19.99,,,,https://www.spotify.com/nl/premium/,
2026-09-25,NL,Individual price,13.99,EUR,11.99,,,,https://www.spotify.com/nl/premium/,
2026-09-25,NL,Student price,6.99,EUR,6.99,,,,https://www.spotify.com/nl/premium/,
2026-09-25,NL,Promo offers,0,,0,,,,https://www.spotify.com/nl/premium/,
2026-09-25,NO,Duo price,189,NOK,,,,,https://www.spotify.com/no/premium/,
2026-09-25,NO,Family price,219,NOK,219,,,,https://www.spotify.com/no/premium/,
2026-09-25,NO,Individual price,139,NOK,139,,,,https://www.spotify.com/no/premium/,
2026-09-25,NO,Student price,75,NOK,75,,,,https://www.spotify.com/no/premium/,
2026-09-25,NO,Promo offers,0,,0,,,,https://www.spotify.com/no/premium/,
2026-09-25,PH,Duo price,229,PHP,,,,,https://www.spotify.com/ph-en/premium/,
2026-09-25,PH,Family price,279,PHP,,,,,https://www.spotify.com/ph-en/premium/,
2026-09-25,PH,Individual price,169,PHP,,,,,https://www.spotify.com/ph-en/premium/,
2026-09-25,PH,Student price,85,PHP,,,,,https://www.spotify.com/ph-en/premium/,
2026-09-25,PH,Promo offers,0,,,,,,https://www.spotify.com/ph-en/premium/,
2026-09-25,PL,Duo price,36.99,PLN,,,,,https://www.spotify.com/pl/premium/,
2026-09-25,PL,Family price,45.99,PLN,45.99,,,,https://www.spotify.com/pl/premium/,
2026-09-25,PL,Individual price,26.99,PLN,26.99,,,,https://www.spotify.com/pl/premium/,
2026-09-25,PL,Student price,14.49,PLN,14.49,,,,https://www.spotify.com/pl/premium/,
2026-09-25,PL,Trial months,1,,,,,,https://www.spotify.com/pl/premium/,
2026-09-25,PL,Promo offers,2,,0,,,,https://www.spotify.com/pl/premium/,
2026-09-25,PT,Duo price,11.99,EUR,,,,,https://www.spotify.com/pt-pt/premium/,
2026-09-25,PT,Family price,15.49,EUR,14.99,,,,https://www.spotify.com/pt-pt/premium/,
2026-09-25,PT,Family price,16.99,EUR,14.99,,15.49,9.7,https://www.spotify.com/pt-pt/premium/,
2026-09-25,PT,Individual price,8.99,EUR,8.99,,,,https://www.spotify.com/pt-pt/premium/,
2026-09-25,PT,Student price,4.99,EUR,4.99,,,,https://www.spotify.com/pt-pt/premium/,
2026-09-25,PT,Trial months,1,,,,,,https://www.spotify.com/pt-pt/premium/,
2026-09-25,PT,Promo offers,2,,0,,,,https://www.spotify.com/pt-pt/premium/,
2026-09-25,SA,Platinum price,59.99,SAR,,,,,https://www.spotify.com/sa-en/premium/,
2026-09-25,SA,Individual price,23.99,SAR,,,,,https://www.spotify.com/sa-en/premium/,
2026-09-25,SA,Student price,12.99,SAR,,,,,https://www.spotify.com/sa-en/premium/,
2026-09-25,SA,Promo offers,0,,,,,,https://www.spotify.com/sa-en/premium/,
2026-09-25,SE,Duo price,189,SEK,,,,,https://www.spotify.com/se/premium/,
2026-09-25,SE,Family price,219,SEK,209,,,,https://www.spotify.com/se/premium/,
2026-09-25,SE,Individual price,129,SEK,119,,,,https://www.spotify.com/se/premium/,
2026-09-25,SE,Student price,70,SEK,69,,,,https://www.spotify.com/se/premium/,
2026-09-25,SE,Promo offers,0,,0,,,,https://www.spotify.com/se/premium/,
2026-09-25,TH,Duo price,209,THB,,,,,https://www.spotify.com/th-en/premium/,
2026-09-25,TH,Family price,249,THB,,,,,https://www.spotify.com/th-en/premium/,
2026-09-25,TH,Individual price,149,THB,,,,,https://www.spotify.com/th-en/premium/,
2026-09-25,TH,Student price,79,THB,,,,,https://www.spotify.com/th-en/premium/,
2026-09-25,TH,Promo offers,0,,,,,,https://www.spotify.com/th-en/premium/,
2026-09-25,TR,Duo price,135,TRY,,,,,https://www.spotify.com/tr-tr/premium/,
2026-09-25,TR,Family price,165,TRY,149.99,,,,https://www.spotify.com/tr-tr/premium/,
2026-09-25,TR,Individual price,99,TRY,89.99,,,,https://www.spotify.com/tr-tr/premium/,
2026-09-25,TR,Student price,55,TRY,49.99,,,,https://www.spotify.com/tr-tr/premium/,
2026-09-25,TR,Trial months,1,,,,,,https://www.spotify.com/tr-tr/premium/,
2026-09-25,TR,Promo offers,2,,0,,,,https://www.spotify.com/tr-tr/premium/,
2026-09-25,US,Duo price,18.99,USD,,,,,https://www.spotify.com/us/premium/,
2026-09-25,US,Family price,21.99,USD,19.99,26.99,,,https://www.spotify.com/us/premium/,
2026-09-25,US,Individual price,12.99,USD,11.99,15.99,,,https://www.spotify.com/us/premium/,
2026-09-25,US,Student price,6.99,USD,6.99,8.99,,,https://www.spotify.com/us/premium/,
2026-09-25,US,Trial months,1,,,1,,,https://www.spotify.com/us/premium/,
2026-09-25,US,Promo offers,2,,3,4,,,https://www.spotify.com/us/premium/,
2026-09-25,VN,Individual price,65000,VND,,,,,https://www.spotify.com/vn-en/premium/,
2026-09-25,VN,Student price,33000,VND,,,,,https://www.spotify.com/vn-en/premium/,
2026-09-25,VN,Promo offers,0,,,,,,https://www.spotify.com/vn-en/premium/,
2026-09-25,ZA,Platinum price,179.99,ZAR,,,,,https://www.spotify.com/za-en/premium/,
2026-09-25,ZA,Individual price,69.99,ZAR,,,,,https://www.spotify.com/za-en/premium/,
2026-09-25,ZA,Student price,37.99,ZAR,,,,,https://www.spotify.com/za-en/premium/,
2026-09-25,ZA,Promo offers,0,,,,,,https://www.spotify.com/za-en/premium/,
2026-09-25,AE,Individual price USD,6.53,USD,,,,,"https://open.er-api.com/v6/latest/USD (https://www.exchangerate-api.com, Sat, 26 Sep 2026 00:02:32 +0000)",
2026-09-25,AU,Individual price USD,11.23,USD,,,,,"https://open.er-api.com/v6/latest/USD (https://www.exchangerate-api.com, Sat, 26 Sep 2026 00:02:32 +0000)",
2026-09-25,BE,Individual price USD,15.95,USD,,,,,"https://open.er-api.com/v6/latest/USD (https://www.exchangerate-api.com, Sat, 26 Sep 2026 00:02:32 +0000)",
2026-09-25,BR,Individual price USD,4.61,USD,4.61,,,,"https://open.er-api.com/v6/latest/USD (https://www.exchangerate-api.com, Sat, 26 Sep 2026 00:02:32 +0000)",
2026-09-25,CA,Individual price USD,9.9,USD,8.48,,,,"https://open.er-api.com/v6/latest/USD (https://www.exchangerate-api.com, Sat, 26 Sep 2026 00:02:32 +0000)",
2026-09-25,CH,Individual price USD,19.25,USD,17.99,,,,"https://open.er-api.com/v6/latest/USD (https://www.exchangerate-api.com, Sat, 26 Sep 2026 00:02:32 +0000)",
2026-09-25,CO,Individual price USD,5.68,USD,5.68,,,,"https://open.er-api.com/v6/latest/USD (https://www.exchangerate-api.com, Sat, 26 Sep 2026 00:02:32 +0000)",
2026-09-25,DE,Individual price USD,14.81,USD,13.67,,,,"https://open.er-api.com/v6/latest/USD (https://www.exchangerate-api.com, Sat, 26 Sep 2026 00:02:32 +0000)",
2026-09-25,DK,Individual price USD,18.14,USD,18.14,,,,"https://open.er-api.com/v6/latest/USD (https://www.exchangerate-api.com, Sat, 26 Sep 2026 00:02:32 +0000)",
2026-09-25,EG,Individual price USD,1.53,USD,,,,,"https://open.er-api.com/v6/latest/USD (https://www.exchangerate-api.com, Sat, 26 Sep 2026 00:02:32 +0000)",
2026-09-25,ES,Individual price USD,13.67,USD,13.67,,,,"https://open.er-api.com/v6/latest/USD (https://www.exchangerate-api.com, Sat, 26 Sep 2026 00:02:32 +0000)",
2026-09-25,FR,Individual price USD,13.84,USD,13.67,,,,"https://open.er-api.com/v6/latest/USD (https://www.exchangerate-api.com, Sat, 26 Sep 2026 00:02:32 +0000)",
2026-09-25,GB,Individual price USD,17.2,USD,15.87,,,,"https://open.er-api.com/v6/latest/USD (https://www.exchangerate-api.com, Sat, 26 Sep 2026 00:02:32 +0000)",
2026-09-25,ID,Individual price USD,3.35,USD,,,,,"https://open.er-api.com/v6/latest/USD (https://www.exchangerate-api.com, Sat, 26 Sep 2026 00:02:32 +0000)",
2026-09-25,IE,Individual price USD,14.81,USD,13.67,,,,"https://open.er-api.com/v6/latest/USD (https://www.exchangerate-api.com, Sat, 26 Sep 2026 00:02:32 +0000)",
2026-09-25,IN,Individual price USD,1.45,USD,,,,,"https://open.er-api.com/v6/latest/USD (https://www.exchangerate-api.com, Sat, 26 Sep 2026 00:02:32 +0000)",
2026-09-25,IT,Individual price USD,13.67,USD,13.67,,,,"https://open.er-api.com/v6/latest/USD (https://www.exchangerate-api.com, Sat, 26 Sep 2026 00:02:32 +0000)",
2026-09-25,JP,Individual price USD,6.86,USD,,,,,"https://open.er-api.com/v6/latest/USD (https://www.exchangerate-api.com, Sat, 26 Sep 2026 00:02:32 +0000)",
2026-09-25,KR,Individual price USD,8.83,USD,,,,,"https://open.er-api.com/v6/latest/USD (https://www.exchangerate-api.com, Sat, 26 Sep 2026 00:02:32 +0000)",
2026-09-25,MX,Individual price USD,7.87,USD,7.87,,,,"https://open.er-api.com/v6/latest/USD (https://www.exchangerate-api.com, Sat, 26 Sep 2026 00:02:32 +0000)",
2026-09-25,NL,Individual price USD,15.95,USD,13.67,,,,"https://open.er-api.com/v6/latest/USD (https://www.exchangerate-api.com, Sat, 26 Sep 2026 00:02:32 +0000)",
2026-09-25,NO,Individual price USD,14.62,USD,14.62,,,,"https://open.er-api.com/v6/latest/USD (https://www.exchangerate-api.com, Sat, 26 Sep 2026 00:02:32 +0000)",
2026-09-25,PH,Individual price USD,2.7,USD,,,,,"https://open.er-api.com/v6/latest/USD (https://www.exchangerate-api.com, Sat, 26 Sep 2026 00:02:32 +0000)",
2026-09-25,PL,Individual price USD,7.04,USD,7.04,,,,"https://open.er-api.com/v6/latest/USD (https://www.exchangerate-api.com, Sat, 26 Sep 2026 00:02:32 +0000)",
2026-09-25,PT,Individual price USD,10.25,USD,10.25,,,,"https://open.er-api.com/v6/latest/USD (https://www.exchangerate-api.com, Sat, 26 Sep 2026 00:02:32 +0000)",
2026-09-25,SA,Individual price USD,6.4,USD,,,,,"https://open.er-api.com/v6/latest/USD (https://www.exchangerate-api.com, Sat, 26 Sep 2026 00:02:32 +0000)",
2026-09-25,SE,Individual price USD,13.02,USD,12.01,,,,"https://open.er-api.com/v6/latest/USD (https://www.exchangerate-api.com, Sat, 26 Sep 2026 00:02:32 +0000)",
2026-09-25,TH,Individual price USD,4.46,USD,,,,,"https://open.er-api.com/v6/latest/USD (https://www.exchangerate-api.com, Sat, 26 Sep 2026 00:02:32 +0000)",
2026-09-25,TR,Individual price USD,2.02,USD,1.84,,,,"https://open.er-api.com/v6/latest/USD (https://www.exchangerate-api.com, Sat, 26 Sep 2026 00:02:32 +0000)",
2026-09-25,US,Individual price USD,12.99,USD,11.99,15.99,,,"https://open.er-api.com/v6/latest/USD (https://www.exchangerate-api.com, Sat, 26 Sep 2026 00:02:32 +0000)",
2026-09-25,VN,Individual price USD,2.5,USD,,,,,"https://open.er-api.com/v6/latest/USD (https://www.exchangerate-api.com, Sat, 26 Sep 2026 00:02:32 +0000)",
2026-09-25,ZA,Individual price USD,4.29,USD,,,,,"https://open.er-api.com/v6/latest/USD (https://www.exchangerate-api.com, Sat, 26 Sep 2026 00:02:32 +0000)",
2026-09-26,AE,Individual price,23.99,AED,,,23.99,0,https://www.spotify.com/ae-en/premium/,
2026-09-26,AE,Platinum price,59.99,AED,,,59.99,0,https://www.spotify.com/ae-en/premium/,
2026-09-26,AE,Student price,12.99,AED,,,12.99,0,https://www.spotify.com/ae-en/premium/,
2026-09-26,AE,Trial months,1,,,,,,https://www.spotify.com/ae-en/premium/,
2026-09-26,AE,Promo offers,3,,,,0,,https://www.spotify.com/ae-en/premium/,
2026-09-26,BE,Individual price,13.99,EUR,,,13.99,0,https://www.spotify.com/be/premium/,
2026-09-26,BE,Student price,6.99,EUR,,,6.99,0,https://www.spotify.com/be/premium/,
2026-09-26,BE,Duo price,19.99,EUR,,,19.99,0,https://www.spotify.com/be/premium/,
2026-09-26,BE,Family price,23.99,EUR,,,23.99,0,https://www.spotify.com/be/premium/,
2026-09-26,BE,Promo offers,0,,,,2,-100,https://www.spotify.com/be/premium/,
2026-09-26,BR,Individual price,23.9,BRL,,,23.9,0,https://www.spotify.com/br-pt/premium/,
2026-09-26,BR,Student price,12.9,BRL,,,12.9,0,https://www.spotify.com/br-pt/premium/,
2026-09-26,BR,Duo price,31.9,BRL,,,31.9,0,https://www.spotify.com/br-pt/premium/,
2026-09-26,BR,Family price,40.9,BRL,,,40.9,0,https://www.spotify.com/br-pt/premium/,
2026-09-26,BR,Promo offers,4,,,,2,100,https://www.spotify.com/br-pt/premium/,
2026-09-26,CA,Individual price,13.99,CAD,,,13.99,0,https://www.spotify.com/ca/premium/,
2026-09-26,CA,Student price,6.39,CAD,,,6.39,0,https://www.spotify.com/ca/premium/,
2026-09-26,CA,Duo price,19.99,CAD,,,19.99,0,https://www.spotify.com/ca/premium/,
2026-09-26,CA,Family price,23.99,CAD,,,23.99,0,https://www.spotify.com/ca/premium/,
2026-09-26,CA,Promo offers,0,,,,2,-100,https://www.spotify.com/ca/premium/,
2026-09-26,CH,Individual price,15.95,CHF,,,15.95,0,https://www.spotify.com/ch/premium/,
2026-09-26,CH,Student price,8.95,CHF,,,8.95,0,https://www.spotify.com/ch/premium/,
2026-09-26,CH,Duo price,21.95,CHF,,,21.95,0,https://www.spotify.com/ch/premium/,
2026-09-26,CH,Family price,26.95,CHF,,,26.95,0,https://www.spotify.com/ch/premium/,
2026-09-26,CH,Promo offers,0,,,,2,-100,https://www.spotify.com/ch/premium/,
2026-09-26,CO,Individual price,18500,COP,,,18500,0,https://www.spotify.com/co-es/premium/,
2026-09-26,CO,Student price,10100,COP,,,10100,0,https://www.spotify.com/co-es/premium/,
2026-09-26,CO,Duo price,24500,COP,,,24500,0,https://www.spotify.com/co-es/premium/,
2026-09-26,CO,Family price,30500,COP,,,30500,0,https://www.spotify.com/co-es/premium/,
2026-09-26,CO,Trial months,1,,,,1,0,https://www.spotify.com/co-es/premium/,
2026-09-26,CO,Promo offers,4,,,,2,100,https://www.spotify.com/co-es/premium/,
2026-09-26,DE,Individual price,12.99,EUR,,,12.99,0,https://www.spotify.com/de/premium/,
2026-09-26,DE,Student price,6.99,EUR,,,6.99,0,https://www.spotify.com/de/premium/,
2026-09-26,DE,Duo price,17.99,EUR,,,17.99,0,https://www.spotify.com/de/premium/,
2026-09-26,DE,Family price,21.99,EUR,,,21.99,0,https://www.spotify.com/de/premium/,
2026-09-26,DE,Promo offers,0,,,,0,,https://www.spotify.com/de/premium/,
2026-09-26,DK,Individual price,119,DKK,,,119,0,https://www.spotify.com/dk/premium/,
2026-09-26,DK,Student price,65,DKK,,,65,0,https://www.spotify.com/dk/premium/,
2026-09-26,DK,Duo price,169,DKK,,,169,0,https://www.spotify.com/dk/premium/,
2026-09-26,DK,Family price,199,DKK,,,199,0,https://www.spotify.com/dk/premium/,
2026-09-26,DK,Promo offers,0,,,,0,,https://www.spotify.com/dk/premium/,
2026-09-26,EG,Individual price,79,EGP,,,79,0,https://www.spotify.com/eg-en/premium/,
2026-09-26,EG,Student price,39,EGP,,,39,0,https://www.spotify.com/eg-en/premium/,
2026-09-26,EG,Duo price,109,EGP,,,,,https://www.spotify.com/eg-en/premium/,
2026-09-26,EG,Family price,139,EGP,,,,,https://www.spotify.com/eg-en/premium/,
2026-09-26,EG,Trial months,1,,,,,,https://www.spotify.com/eg-en/premium/,
2026-09-26,EG,Promo offers,4,,,,0,,https://www.spotify.com/eg-en/premium/,
2026-09-26,ES,Individual price,11.99,EUR,,,11.99,0,https://www.spotify.com/es/premium/,
2026-09-26,ES,Student price,6.49,EUR,,,6.49,0,https://www.spotify.com/es/premium/,
2026-09-26,ES,Duo price,16.99,EUR,,,16.99,0,https://www.spotify.com/es/premium/,
2026-09-26,ES,Family price,20.99,EUR,,,20.99,0,https://www.spotify.com/es/premium/,
2026-09-26,ES,Promo offers,0,,,,0,,https://www.spotify.com/es/premium/,
2026-09-26,FR,Individual price,12.14,EUR,,,12.14,0,https://www.spotify.com/fr/premium/,
2026-09-26,FR,Student price,7.07,EUR,,,7.07,0,https://www.spotify.com/fr/premium/,
2026-09-26,FR,Duo price,17.2,EUR,,,17.2,0,https://www.spotify.com/fr/premium/,
2026-09-26,FR,Family price,21.24,EUR,,,21.24,0,https://www.spotify.com/fr/premium/,
2026-09-26,FR,Promo offers,0,,,,0,,https://www.spotify.com/fr/premium/,
2026-09-26,GB,Individual price,12.99,GBP,,,12.99,0,https://www.spotify.com/uk/premium/,
2026-09-26,GB,Student price,5.99,GBP,,,5.99,0,https://www.spotify.com/uk/premium/,
2026-09-26,GB,Duo price,17.99,GBP,,,17.99,0,https://www.spotify.com/uk/premium/,
2026-09-26,GB,Family price,21.99,GBP,,,21.99,0,https://www.spotify.com/uk/premium/,
2026-09-26,GB,Promo offers,0,,,,0,,https://www.spotify.com/uk/premium/,
2026-09-26,ID,Individual price,59900,IDR,,,59900,0,https://www.spotify.com/id-id/premium/,
2026-09-26,ID,Platinum price,119900,IDR,,,119900,0,https://www.spotify.com/id-id/premium/,
2026-09-26,ID,Student price,29900,IDR,,,29900,0,https://www.spotify.com/id-id/premium/,
2026-09-26,ID,Trial months,2,,,,,,https://www.spotify.com/id-id/premium/,
2026-09-26,ID,Promo offers,3,,,,0,,https://www.spotify.com/id-id/premium/,
2026-09-26,IE,Individual price,12.99,EUR,,,12.99,0,https://www.spotify.com/ie/premium/,
2026-09-26,IE,Student price,6.99,EUR,,,6.99,0,https://www.spotify.com/ie/premium/,
2026-09-26,IE,Duo price,18.99,EUR,,,18.99,0,https://www.spotify.com/ie/premium/,
2026-09-26,IE,Family price,22.99,EUR,,,22.99,0,https://www.spotify.com/ie/premium/,
2026-09-26,IE,Promo offers,0,,,,2,-100,https://www.spotify.com/ie/premium/,
2026-09-26,IN,Individual price,139,INR,,,139,0,https://www.spotify.com/in-en/premium/,
2026-09-26,IN,Platinum price,299,INR,,,299,0,https://www.spotify.com/in-en/premium/,
2026-09-26,IN,Student price,69,INR,,,69,0,https://www.spotify.com/in-en/premium/,
2026-09-26,IN,Trial months,2,,,,,,https://www.spotify.com/in-en/premium/,
2026-09-26,IN,Promo offers,3,,,,0,,https://www.spotify.com/in-en/premium/,
2026-09-26,IT,Individual price,11.99,EUR,,,11.99,0,https://www.spotify.com/it/premium/,
2026-09-26,IT,Student price,6.49,EUR,,,6.49,0,https://www.spotify.com/it/premium/,
2026-09-26,IT,Duo price,16.99,EUR,,,16.99,0,https://www.spotify.com/it/premium/,
2026-09-26,IT,Family price,20.99,EUR,,,20.99,0,https://www.spotify.com/it/premium/,
2026-09-26,IT,Promo offers,0,,,,0,,https://www.spotify.com/it/premium/,
2026-09-26,KR,Basic price,8690,KRW,,,8690,0,https://www.spotify.com/kr-ko/premium/,
2026-09-26,KR,Individual price,11990,KRW,,,11990,0,https://www.spotify.com/kr-ko/premium/,
2026-09-26,KR,Duo price,17985,KRW,,,17985,0,https://www.spotify.com/kr-ko/premium/,
2026-09-26,KR,Student price,6600,KRW,,,6600,0,https://www.spotify.com/kr-ko/premium/,
2026-09-26,KR,Trial months,1,,,,,,https://www.spotify.com/kr-ko/premium/,
2026-09-26,KR,Promo offers,4,,,,0,,https://www.spotify.com/kr-ko/premium/,
2026-09-26,MX,Individual price,139,MXN,,,139,0,https://www.spotify.com/mx/premium/,
2026-09-26,MX,Student price,74,MXN,,,74,0,https://www.spotify.com/mx/premium/,
2026-09-26,MX,Duo price,189,MXN,,,189,0,https://www.spotify.com/mx/premium/,
2026-09-26,MX,Family price,239,MXN,,,239,0,https://www.spotify.com/mx/premium/,
2026-09-26,MX,Promo offers,0,,,,2,-100,https://www.spotify.com/mx/premium/,
2026-09-26,NL,Individual price,13.99,EUR,,,13.99,0,https://www.spotify.com/nl/premium/,
2026-09-26,NL,Student price,6.99,EUR,,,6.99,0,https://www.spotify.com/nl/premium/,
2026-09-26,NL,Duo price,19.99,EUR,,,19.99,0,https://www.spotify.com/nl/premium/,
2026-09-26,NL,Family price,23.99,EUR,,,23.99,0,https://www.spotify.com/nl/premium/,
2026-09-26,NL,Promo offers,0,,,,0,,https://www.spotify.com/nl/premium/,
2026-09-26,NO,Individual price,139,NOK,,,139,0,https://www.spotify.com/no/premium/,
2026-09-26,NO,Student price,75,NOK,,,75,0,https://www.spotify.com/no/premium/,
2026-09-26,NO,Duo price,189,NOK,,,189,0,https://www.spotify.com/no/premium/,
2026-09-26,NO,Family price,219,NOK,,,219,0,https://www.spotify.com/no/premium/,
2026-09-26,NO,Promo offers,0,,,,0,,https://www.spotify.com/no/premium/,
2026-09-26,PH,Individual price,169,PHP,,,169,0,https://www.spotify.com/ph-en/premium/,
2026-09-26,PH,Student price,85,PHP,,,85,0,https://www.spotify.com/ph-en/premium/,
2026-09-26,PH,Duo price,229,PHP,,,229,0,https://www.spotify.com/ph-en/premium/,
2026-09-26,PH,Family price,279,PHP,,,279,0,https://www.spotify.com/ph-en/premium/,
2026-09-26,PH,Trial months,2,,,,,,https://www.spotify.com/ph-en/premium/,
2026-09-26,PH,Promo offers,4,,,,0,,https://www.spotify.com/ph-en/premium/,
2026-09-26,PL,Individual price,26.99,PLN,,,26.99,0,https://www.spotify.com/pl/premium/,
2026-09-26,PL,Student price,14.49,PLN,,,14.49,0,https://www.spotify.com/pl/premium/,
2026-09-26,PL,Duo price,36.99,PLN,,,36.99,0,https://www.spotify.com/pl/premium/,
2026-09-26,PL,Family price,45.99,PLN,,,45.99,0,https://www.spotify.com/pl/premium/,
2026-09-26,PL,Promo offers,0,,,,2,-100,https://www.spotify.com/pl/premium/,
2026-09-26,PT,Individual price,8.99,EUR,,,8.99,0,https://www.spotify.com/pt/premium/,
2026-09-26,PT,Student price,4.99,EUR,,,4.99,0,https://www.spotify.com/pt/premium/,
2026-09-26,PT,Duo price,11.99,EUR,,,11.99,0,https://www.spotify.com/pt/premium/,
2026-09-26,PT,Family price,15.49,EUR,,,16.99,-8.8,https://www.spotify.com/pt/premium/,
2026-09-26,PT,Promo offers,0,,,,2,-100,https://www.spotify.com/pt/premium/,
2026-09-26,SE,Individual price,129,SEK,,,129,0,https://www.spotify.com/se/premium/,
2026-09-26,SE,Student price,70,SEK,,,70,0,https://www.spotify.com/se/premium/,
2026-09-26,SE,Duo price,189,SEK,,,189,0,https://www.spotify.com/se/premium/,
2026-09-26,SE,Family price,219,SEK,,,219,0,https://www.spotify.com/se/premium/,
2026-09-26,SE,Promo offers,0,,,,0,,https://www.spotify.com/se/premium/,
2026-09-26,TH,Individual price,149,THB,,,149,0,https://www.spotify.com/th-th/premium/,
2026-09-26,TH,Student price,79,THB,,,79,0,https://www.spotify.com/th-th/premium/,
2026-09-26,TH,Duo price,209,THB,,,209,0,https://www.spotify.com/th-th/premium/,
2026-09-26,TH,Family price,249,THB,,,249,0,https://www.spotify.com/th-th/premium/,
2026-09-26,TH,Trial months,2,,,,,,https://www.spotify.com/th-th/premium/,
2026-09-26,TH,Promo offers,4,,,,0,,https://www.spotify.com/th-th/premium/,
2026-09-26,TR,Individual price,99,TRY,,,99,0,https://www.spotify.com/tr/premium/,
2026-09-26,TR,Student price,55,TRY,,,55,0,https://www.spotify.com/tr/premium/,
2026-09-26,TR,Duo price,135,TRY,,,135,0,https://www.spotify.com/tr/premium/,
2026-09-26,TR,Family price,165,TRY,,,165,0,https://www.spotify.com/tr/premium/,
2026-09-26,TR,Promo offers,0,,,,2,-100,https://www.spotify.com/tr/premium/,
2026-09-26,US,Individual price,12.99,USD,11.99,15.99,12.99,0,https://www.spotify.com/us/premium/,
2026-09-26,US,Student price,6.99,USD,6.99,8.99,6.99,0,https://www.spotify.com/us/premium/,
2026-09-26,US,Duo price,18.99,USD,,,18.99,0,https://www.spotify.com/us/premium/,
2026-09-26,US,Family price,21.99,USD,19.99,26.99,21.99,0,https://www.spotify.com/us/premium/,
2026-09-26,US,Trial months,1,,1,1,1,0,https://www.spotify.com/us/premium/,
2026-09-26,US,Promo offers,4,,3,3,2,100,https://www.spotify.com/us/premium/,
2026-09-26,VN,Individual price,65000,VND,,,65000,0,https://www.spotify.com/vn-vi/premium/,
2026-09-26,VN,Student price,33000,VND,,,33000,0,https://www.spotify.com/vn-vi/premium/,
2026-09-26,VN,Trial months,2,,,,,,https://www.spotify.com/vn-vi/premium/,
2026-09-26,VN,Promo offers,2,,,,0,,https://www.spotify.com/vn-vi/premium/,
2026-09-26,ZA,Individual price,69.99,ZAR,,,69.99,0,https://www.spotify.com/za-en/premium/,
2026-09-26,ZA,Platinum price,179.99,ZAR,,,179.99,0,https://www.spotify.com/za-en/premium/,
2026-09-26,ZA,Student price,37.99,ZAR,,,37.99,0,https://www.spotify.com/za-en/premium/,
2026-09-26,ZA,Trial months,1,,,,,,https://www.spotify.com/za-en/premium/,
2026-09-26,ZA,Promo offers,3,,,,0,,https://www.spotify.com/za-en/premium/,
2026-09-26,AE,Individual price USD,6.53,USD,,,6.53,0,"https://open.er-api.com/v6/latest/USD (https://www.exchangerate-api.com, Sat, 26 Sep 2026 00:02:32 +0000)",
2026-09-26,BE,Individual price USD,15.95,USD,,,15.95,0,"https://open.er-api.com/v6/latest/USD (https://www.exchangerate-api.com, Sat, 26 Sep 2026 00:02:32 +0000)",
2026-09-26,BR,Individual price USD,4.61,USD,,,4.61,0,"https://open.er-api.com/v6/latest/USD (https://www.exchangerate-api.com, Sat, 26 Sep 2026 00:02:32 +0000)",
2026-09-26,CA,Individual price USD,9.9,USD,,,9.9,0,"https://open.er-api.com/v6/latest/USD (https://www.exchangerate-api.com, Sat, 26 Sep 2026 00:02:32 +0000)",
2026-09-26,CH,Individual price USD,19.25,USD,,,19.25,0,"https://open.er-api.com/v6/latest/USD (https://www.exchangerate-api.com, Sat, 26 Sep 2026 00:02:32 +0000)",
2026-09-26,CO,Individual price USD,5.68,USD,,,5.68,0,"https://open.er-api.com/v6/latest/USD (https://www.exchangerate-api.com, Sat, 26 Sep 2026 00:02:32 +0000)",
2026-09-26,DE,Individual price USD,14.81,USD,,,14.81,0,"https://open.er-api.com/v6/latest/USD (https://www.exchangerate-api.com, Sat, 26 Sep 2026 00:02:32 +0000)",
2026-09-26,DK,Individual price USD,18.14,USD,,,18.14,0,"https://open.er-api.com/v6/latest/USD (https://www.exchangerate-api.com, Sat, 26 Sep 2026 00:02:32 +0000)",
2026-09-26,EG,Individual price USD,1.53,USD,,,1.53,0,"https://open.er-api.com/v6/latest/USD (https://www.exchangerate-api.com, Sat, 26 Sep 2026 00:02:32 +0000)",
2026-09-26,ES,Individual price USD,13.67,USD,,,13.67,0,"https://open.er-api.com/v6/latest/USD (https://www.exchangerate-api.com, Sat, 26 Sep 2026 00:02:32 +0000)",
2026-09-26,FR,Individual price USD,13.84,USD,,,13.84,0,"https://open.er-api.com/v6/latest/USD (https://www.exchangerate-api.com, Sat, 26 Sep 2026 00:02:32 +0000)",
2026-09-26,GB,Individual price USD,17.2,USD,,,17.2,0,"https://open.er-api.com/v6/latest/USD (https://www.exchangerate-api.com, Sat, 26 Sep 2026 00:02:32 +0000)",
2026-09-26,ID,Individual price USD,3.35,USD,,,3.35,0,"https://open.er-api.com/v6/latest/USD (https://www.exchangerate-api.com, Sat, 26 Sep 2026 00:02:32 +0000)",
2026-09-26,IE,Individual price USD,14.81,USD,,,14.81,0,"https://open.er-api.com/v6/latest/USD (https://www.exchangerate-api.com, Sat, 26 Sep 2026 00:02:32 +0000)",
2026-09-26,IN,Individual price USD,1.45,USD,,,1.45,0,"https://open.er-api.com/v6/latest/USD (https://www.exchangerate-api.com, Sat, 26 Sep 2026 00:02:32 +0000)",
2026-09-26,IT,Individual price USD,13.67,USD,,,13.67,0,"https://open.er-api.com/v6/latest/USD (https://www.exchangerate-api.com, Sat, 26 Sep 2026 00:02:32 +0000)",
2026-09-26,KR,Individual price USD,8.83,USD,,,8.83,0,"https://open.er-api.com/v6/latest/USD (https://www.exchangerate-api.com, Sat, 26 Sep 2026 00:02:32 +0000)",
2026-09-26,MX,Individual price USD,7.87,USD,,,7.87,0,"https://open.er-api.com/v6/latest/USD (https://www.exchangerate-api.com, Sat, 26 Sep 2026 00:02:32 +0000)",
2026-09-26,NL,Individual price USD,15.95,USD,,,15.95,0,"https://open.er-api.com/v6/latest/USD (https://www.exchangerate-api.com, Sat, 26 Sep 2026 00:02:32 +0000)",
2026-09-26,NO,Individual price USD,14.62,USD,,,14.62,0,"https://open.er-api.com/v6/latest/USD (https://www.exchangerate-api.com, Sat, 26 Sep 2026 00:02:32 +0000)",
2026-09-26,PH,Individual price USD,2.7,USD,,,2.7,0,"https://open.er-api.com/v6/latest/USD (https://www.exchangerate-api.com, Sat, 26 Sep 2026 00:02:32 +0000)",
2026-09-26,PL,Individual price USD,7.04,USD,,,7.04,0,"https://open.er-api.com/v6/latest/USD (https://www.exchangerate-api.com, Sat, 26 Sep 2026 00:02:32 +0000)",
2026-09-26,PT,Individual price USD,10.25,USD,,,10.25,0,"https://open.er-api.com/v6/latest/USD (https://www.exchangerate-api.com, Sat, 26 Sep 2026 00:02:32 +0000)",
2026-09-26,SE,Individual price USD,13.02,USD,,,13.02,0,"https://open.er-api.com/v6/latest/USD (https://www.exchangerate-api.com, Sat, 26 Sep 2026 00:02:32 +0000)",
2026-09-26,TH,Individual price USD,4.46,USD,,,4.46,0,"https://open.er-api.com/v6/latest/USD (https://www.exchangerate-api.com, Sat, 26 Sep 2026 00:02:32 +0000)",
2026-09-26,TR,Individual price USD,2.02,USD,,,2.02,0,"https://open.er-api.com/v6/latest/USD (https://www.exchangerate-api.com, Sat, 26 Sep 2026 00:02:32 +0000)",
2026-09-26,US,Individual price USD,12.99,USD,11.99,15.99,12.99,0,"https://open.er-api.com/v6/latest/USD (https://www.exchangerate-api.com, Sat, 26 Sep 2026 00:02:32 +0000)",
2026-09-26,VN,Individual price USD,2.5,USD,,,2.5,0,"https://open.er-api.com/v6/latest/USD (https://www.exchangerate-api.com, Sat, 26 Sep 2026 00:02:32 +0000)",
2026-09-26,ZA,Individual price USD,4.29,USD,,,4.29,0,"https://open.er-api.com/v6/latest/USD (https://www.exchangerate-api.com, Sat, 26 Sep 2026 00:02:32 +0000)",
2026-09-27,AE,Individual price,23.99,AED,,,23.99,0,https://www.spotify.com/ae/premium/,
2026-09-27,AE,Student price,12.99,AED,,,12.99,0,https://www.spotify.com/ae/premium/,
2026-09-27,AE,Duo price,59.99,AED,,,,,https://www.spotify.com/ae/premium/,
2026-09-27,AE,Trial months,1,,,,1,0,https://www.spotify.com/ae/premium/,
2026-09-27,AE,Promo offers,3,,,,3,0,https://www.spotify.com/ae/premium/,
2026-09-27,AU,Individual price,15.99,AUD,14.99,,15.99,0,https://www.spotify.com/au/premium/,
2026-09-27,AU,Student price,7.99,AUD,7.99,,7.99,0,https://www.spotify.com/au/premium/,
2026-09-27,AU,Duo price,22.99,AUD,,,22.99,0,https://www.spotify.com/au/premium/,
2026-09-27,AU,Family price,27.99,AUD,23.99,,27.99,0,https://www.spotify.com/au/premium/,
2026-09-27,AU,Trial months,1,,,,,,https://www.spotify.com/au/premium/,
2026-09-27,AU,Promo offers,4,,3,,0,,https://www.spotify.com/au/premium/,
2026-09-27,BE,Individual price,13.99,EUR,,,13.99,0,https://www.spotify.com/be/premium/,
2026-09-27,BE,Duo price,19.99,EUR,,,19.99,0,https://www.spotify.com/be/premium/,
2026-09-27,BE,Family price,23.99,EUR,,,23.99,0,https://www.spotify.com/be/premium/,
2026-09-27,BE,Student price,6.99,EUR,,,6.99,0,https://www.spotify.com/be/premium/,
2026-09-27,BE,Trial months,1,,,,1,0,https://www.spotify.com/be/premium/,
2026-09-27,BE,Promo offers,4,,,,0,,https://www.spotify.com/be/premium/,
2026-09-27,BR,Individual price,23.9,BRL,23.9,,23.9,0,https://www.spotify.com/br-en/premium/,
2026-09-27,BR,Student price,12.9,BRL,,,12.9,0,https://www.spotify.com/br-en/premium/,
2026-09-27,BR,Trial months,1,,,,1,0,https://www.spotify.com/br-en/premium/,
2026-09-27,BR,Promo offers,2,,3,,4,-50,https://www.spotify.com/br-en/premium/,
2026-09-27,CA,Individual price,13.99,CAD,11.99,,13.99,0,https://www.spotify.com/ca-en/premium/,
2026-09-27,CA,Duo price,19.99,CAD,,,19.99,0,https://www.spotify.com/ca-en/premium/,
2026-09-27,CA,Family price,23.99,CAD,19.99,,23.99,0,https://www.spotify.com/ca-en/premium/,
2026-09-27,CA,Student price,6.39,CAD,5.99,,6.39,0,https://www.spotify.com/ca-en/premium/,
2026-09-27,CA,Trial months,1,,,,1,0,https://www.spotify.com/ca-en/premium/,
2026-09-27,CA,Promo offers,4,,3,,0,,https://www.spotify.com/ca-en/premium/,
2026-09-27,CH,Individual price,15.95,CHF,14.9,,15.95,0,https://www.spotify.com/ch/premium/,
2026-09-27,CH,Duo price,21.95,CHF,,,21.95,0,https://www.spotify.com/ch/premium/,
2026-09-27,CH,Family price,26.95,CHF,24.9,,26.95,0,https://www.spotify.com/ch/premium/,
2026-09-27,CH,Student price,8.95,CHF,8.9,,8.95,0,https://www.spotify.com/ch/premium/,
2026-09-27,CH,Trial months,1,,,,1,0,https://www.spotify.com/ch/premium/,
2026-09-27,CH,Promo offers,4,,3,,0,,https://www.spotify.com/ch/premium/,
2026-09-27,DE,Individual price,12.99,EUR,11.99,,12.99,0,https://www.spotify.com/de/premium/,
2026-09-27,DE,Duo price,17.99,EUR,,,17.99,0,https://www.spotify.com/de/premium/,
2026-09-27,DE,Family price,21.99,EUR,19.99,,21.99,0,https://www.spotify.com/de/premium/,
2026-09-27,DE,Student price,6.99,EUR,6.99,,6.99,0,https://www.spotify.com/de/premium/,
2026-09-27,DE,Trial months,1,,,,,,https://www.spotify.com/de/premium/,
2026-09-27,DE,Promo offers,4,,3,,0,,https://www.spotify.com/de/premium/,
2026-09-27,DK,Individual price,119,DKK,,,119,0,https://www.spotify.com/dk/premium/,
2026-09-27,DK,Duo price,169,DKK,,,169,0,https://www.spotify.com/dk/premium/,
2026-09-27,DK,Family price,199,DKK,,,199,0,https://www.spotify.com/dk/premium/,
2026-09-27,DK,Student price,65,DKK,,,65,0,https://www.spotify.com/dk/premium/,
2026-09-27,DK,Trial months,1,,,,,,https://www.spotify.com/dk/premium/,
2026-09-27,DK,Promo offers,4,,,,0,,https://www.spotify.com/dk/premium/,
2026-09-27,ES,Individual price,11.99,EUR,11.99,,11.99,0,https://www.spotify.com/es/premium/,
2026-09-27,ES,Trial months,1,,,,,,https://www.spotify.com/es/premium/,
2026-09-27,ES,Promo offers,1,,3,,0,,https://www.spotify.com/es/premium/,
2026-09-27,FR,Individual price,12.14,EUR,11.99,,12.14,0,https://www.spotify.com/fr/premium/,
2026-09-27,FR,Duo price,17.2,EUR,,,17.2,0,https://www.spotify.com/fr/premium/,
2026-09-27,FR,Family price,21.24,EUR,19.99,,21.24,0,https://www.spotify.com/fr/premium/,
2026-09-27,FR,Student price,7.07,EUR,6.99,,7.07,0,https://www.spotify.com/fr/premium/,
2026-09-27,FR,Trial months,1,,,,,,https://www.spotify.com/fr/premium/,
2026-09-27,FR,Promo offers,4,,3,,0,,https://www.spotify.com/fr/premium/,
2026-09-27,GB,Individual price,12.99,GBP,11.99,,12.99,0,https://www.spotify.com/uk/premium/,
2026-09-27,GB,Duo price,17.99,GBP,,,17.99,0,https://www.spotify.com/uk/premium/,
2026-09-27,GB,Family price,21.99,GBP,19.99,,21.99,0,https://www.spotify.com/uk/premium/,
2026-09-27,GB,Student price,5.99,GBP,5.99,,5.99,0,https://www.spotify.com/uk/premium/,
2026-09-27,GB,Trial months,1,,,,,,https://www.spotify.com/uk/premium/,
2026-09-27,GB,Promo offers,4,,3,,0,,https://www.spotify.com/uk/premium/,
2026-09-27,ID,Individual price,59900,IDR,,,59900,0,https://www.spotify.com/id-id/premium/,
2026-09-27,ID,Student price,29900,IDR,,,29900,0,https://www.spotify.com/id-id/premium/,
2026-09-27,ID,Trial months,2,,,,2,0,https://www.spotify.com/id-id/premium/,
2026-09-27,ID,Promo offers,2,,,,3,-33.3,https://www.spotify.com/id-id/premium/,
2026-09-27,IE,Individual price,12.99,EUR,,,12.99,0,https://www.spotify.com/ie/premium/,
2026-09-27,IE,Duo price,18.99,EUR,,,18.99,0,https://www.spotify.com/ie/premium/,
2026-09-27,IE,Family price,22.99,EUR,,,22.99,0,https://www.spotify.com/ie/premium/,
2026-09-27,IE,Student price,6.99,EUR,,,6.99,0,https://www.spotify.com/ie/premium/,
2026-09-27,IE,Trial months,1,,,,1,0,https://www.spotify.com/ie/premium/,
2026-09-27,IE,Promo offers,4,,,,0,,https://www.spotify.com/ie/premium/,
2026-09-27,IN,Individual price,139,INR,139,,139,0,https://www.spotify.com/in-en/premium/,
2026-09-27,IN,Platinum price,299,INR,,,299,0,https://www.spotify.com/in-en/premium/,
2026-09-27,IN,Student price,69,INR,69,,69,0,https://www.spotify.com/in-en/premium/,
2026-09-27,IN,Trial months,2,,,,2,0,https://www.spotify.com/in-en/premium/,
2026-09-27,IN,Promo offers,3,,3,,3,0,https://www.spotify.com/in-en/premium/,
2026-09-27,IT,Individual price,11.99,EUR,11.99,,11.99,0,https://www.spotify.com/it/premium/,
2026-09-27,IT,Duo price,16.99,EUR,,,16.99,0,https://www.spotify.com/it/premium/,
2026-09-27,IT,Family price,20.99,EUR,19.99,,20.99,0,https://www.spotify.com/it/premium/,
2026-09-27,IT,Student price,6.49,EUR,6.99,,6.49,0,https://www.spotify.com/it/premium/,
2026-09-27,IT,Trial months,1,,,,,,https://www.spotify.com/it/premium/,
2026-09-27,IT,Promo offers,4,,3,,0,,https://www.spotify.com/it/premium/,
2026-09-27,KR,Basic price,8690,KRW,,,8690,0,https://www.spotify.com/kr/premium/,
2026-09-27,KR,Individual price,11990,KRW,8900,,11990,0,https://www.spotify.com/kr/premium/,
2026-09-27,KR,Duo price,17985,KRW,,,17985,0,https://www.spotify.com/kr/premium/,
2026-09-27,KR,Student price,6600,KRW,,,6600,0,https://www.spotify.com/kr/premium/,
2026-09-27,KR,Trial months,1,,,,1,0,https://www.spotify.com/kr/premium/,
2026-09-27,KR,Promo offers,4,,2,,4,0,https://www.spotify.com/kr/premium/,
2026-09-27,MX,Individual price,139,MXN,139,,139,0,https://www.spotify.com/mx/premium/,
2026-09-27,MX,Student price,74,MXN,75,,74,0,https://www.spotify.com/mx/premium/,
2026-09-27,MX,Trial months,1,,,,1,0,https://www.spotify.com/mx/premium/,
2026-09-27,MX,Promo offers,2,,3,,0,,https://www.spotify.com/mx/premium/,
2026-09-27,NG,Individual price,1600,NGN,,,,,https://www.spotify.com/ng/premium/,
2026-09-27,NG,Duo price,2100,NGN,,,,,https://www.spotify.com/ng/premium/,
2026-09-27,NG,Family price,2500,NGN,,,,,https://www.spotify.com/ng/premium/,
2026-09-27,NG,Student price,800,NGN,,,,,https://www.spotify.com/ng/premium/,
2026-09-27,NG,Trial months,1,,,,,,https://www.spotify.com/ng/premium/,
2026-09-27,NG,Promo offers,4,,,,,,https://www.spotify.com/ng/premium/,
2026-09-27,NL,Individual price,13.99,EUR,11.99,,13.99,0,https://www.spotify.com/nl/premium/,
2026-09-27,NL,Duo price,19.99,EUR,,,19.99,0,https://www.spotify.com/nl/premium/,
2026-09-27,NL,Family price,23.99,EUR,19.99,,23.99,0,https://www.spotify.com/nl/premium/,
2026-09-27,NL,Student price,6.99,EUR,6.99,,6.99,0,https://www.spotify.com/nl/premium/,
2026-09-27,NL,Trial months,1,,,,,,https://www.spotify.com/nl/premium/,
2026-09-27,NL,Promo offers,4,,3,,0,,https://www.spotify.com/nl/premium/,
2026-09-27,NO,Individual price,139,NOK,,,139,0,https://www.spotify.com/no/premium/,
2026-09-27,NO,Duo price,189,NOK,,,189,0,https://www.spotify.com/no/premium/,
2026-09-27,NO,Family price,219,NOK,,,219,0,https://www.spotify.com/no/premium/,
2026-09-27,NO,Student price,75,NOK,,,75,0,https://www.spotify.com/no/premium/,
2026-09-27,NO,Promo offers,4,,,,0,,https://www.spotify.com/no/premium/,
2026-09-27,PH,Individual price,169,PHP,,,169,0,https://www.spotify.com/ph/premium/,
2026-09-27,PH,Duo price,229,PHP,,,229,0,https://www.spotify.com/ph/premium/,
2026-09-27,PH,Family price,279,PHP,,,279,0,https://www.spotify.com/ph/premium/,
2026-09-27,PH,Student price,85,PHP,,,85,0,https://www.spotify.com/ph/premium/,
2026-09-27,PH,Trial months,2,,,,2,0,https://www.spotify.com/ph/premium/,
2026-09-27,PH,Promo offers,4,,,,4,0,https://www.spotify.com/ph/premium/,
2026-09-27,PL,Individual price,26.99,PLN,,,26.99,0,https://www.spotify.com/pl/premium/,
2026-09-27,PL,Duo price,36.99,PLN,,,36.99,0,https://www.spotify.com/pl/premium/,
2026-09-27,PL,Family price,45.99,PLN,,,45.99,0,https://www.spotify.com/pl/premium/,
2026-09-27,PL,Student price,14.49,PLN,,,14.49,0,https://www.spotify.com/pl/premium/,
2026-09-27,PL,Promo offers,4,,,,0,,https://www.spotify.com/pl/premium/,
2026-09-27,PT,Individual price,8.99,EUR,8.99,,8.99,0,https://www.spotify.com/pt/premium/,
2026-09-27,PT,Duo price,11.99,EUR,,,11.99,0,https://www.spotify.com/pt/premium/,
2026-09-27,PT,Family price,15.49,EUR,14.99,,15.49,0,https://www.spotify.com/pt/premium/,
2026-09-27,PT,Student price,4.99,EUR,4.99,,4.99,0,https://www.spotify.com/pt/premium/,
2026-09-27,PT,Trial months,1,,,,1,0,https://www.spotify.com/pt/premium/,
2026-09-27,PT,Promo offers,4,,3,,0,,https://www.spotify.com/pt/premium/,
2026-09-27,SE,Individual price,129,SEK,,,129,0,https://www.spotify.com/se/premium/,
2026-09-27,SE,Duo price,189,SEK,,,189,0,https://www.spotify.com/se/premium/,
2026-09-27,SE,Family price,219,SEK,,,219,0,https://www.spotify.com/se/premium/,
2026-09-27,SE,Student price,70,SEK,,,70,0,https://www.spotify.com/se/premium/,
2026-09-27,SE,Trial months,1,,,,,,https://www.spotify.com/se/premium/,
2026-09-27,SE,Promo offers,4,,,,0,,https://www.spotify.com/se/premium/,
2026-09-27,TH,Individual price,149,THB,,,149,0,https://www.spotify.com/th/premium/,
2026-09-27,TH,Student price,79,THB,,,79,0,https://www.spotify.com/th/premium/,
2026-09-27,TH,Duo price,209,THB,,,209,0,https://www.spotify.com/th/premium/,
2026-09-27,TH,Family price,249,THB,,,249,0,https://www.spotify.com/th/premium/,
2026-09-27,TH,Trial months,2,,,,2,0,https://www.spotify.com/th/premium/,
2026-09-27,TH,Promo offers,4,,,,4,0,https://www.spotify.com/th/premium/,
2026-09-27,TR,Individual price,99,TRY,,,99,0,https://www.spotify.com/tr/premium/,
2026-09-27,TR,Duo price,135,TRY,,,135,0,https://www.spotify.com/tr/premium/,
2026-09-27,TR,Family price,165,TRY,,,165,0,https://www.spotify.com/tr/premium/,
2026-09-27,TR,Student price,55,TRY,,,55,0,https://www.spotify.com/tr/premium/,
2026-09-27,TR,Promo offers,4,,,,0,,https://www.spotify.com/tr/premium/,
2026-09-27,US,Individual price,12.99,USD,,15.99,12.99,0,https://www.spotify.com/us/premium/,
2026-09-27,US,Duo price,18.99,USD,,,18.99,0,https://www.spotify.com/us/premium/,
2026-09-27,US,Family price,21.99,USD,,26.99,21.99,0,https://www.spotify.com/us/premium/,
2026-09-27,US,Student price,6.99,USD,,8.99,6.99,0,https://www.spotify.com/us/premium/,
2026-09-27,US,Trial months,1,,,1,1,0,https://www.spotify.com/us/premium/,
2026-09-27,US,Promo offers,4,,,4,4,0,https://www.spotify.com/us/premium/,
2026-09-27,VN,Individual price,65000,VND,,,65000,0,https://www.spotify.com/vn/premium/,
2026-09-27,VN,Student price,33000,VND,,,33000,0,https://www.spotify.com/vn/premium/,
2026-09-27,VN,Trial months,2,,,,2,0,https://www.spotify.com/vn/premium/,
2026-09-27,VN,Promo offers,2,,,,2,0,https://www.spotify.com/vn/premium/,
2026-09-27,ZA,Individual price,69.99,ZAR,,,69.99,0,https://www.spotify.com/za/premium/,
2026-09-27,ZA,Student price,37.99,ZAR,,,37.99,0,https://www.spotify.com/za/premium/,
2026-09-27,ZA,Duo price,179.99,ZAR,,,,,https://www.spotify.com/za/premium/,
2026-09-27,ZA,Family price,219.99,ZAR,,,,,https://www.spotify.com/za/premium/,
2026-09-27,ZA,Trial months,1,,,,1,0,https://www.spotify.com/za/premium/,
2026-09-27,ZA,Promo offers,4,,,,3,33.3,https://www.spotify.com/za/premium/,
2026-09-27,AE,Individual price USD,6.53,USD,,,6.53,0,"https://open.er-api.com/v6/latest/USD (https://www.exchangerate-api.com, Sun, 27 Sep 2026 00:02:31 +0000)",
2026-09-27,AU,Individual price USD,11.23,USD,10.53,,11.23,0,"https://open.er-api.com/v6/latest/USD (https://www.exchangerate-api.com, Sun, 27 Sep 2026 00:02:31 +0000)",
2026-09-27,BE,Individual price USD,15.94,USD,,,15.95,-0.1,"https://open.er-api.com/v6/latest/USD (https://www.exchangerate-api.com, Sun, 27 Sep 2026 00:02:31 +0000)",
2026-09-27,BR,Individual price USD,4.6,USD,4.6,,4.61,-0.2,"https://open.er-api.com/v6/latest/USD (https://www.exchangerate-api.com, Sun, 27 Sep 2026 00:02:31 +0000)",
2026-09-27,CA,Individual price USD,9.9,USD,8.48,,9.9,0,"https://open.er-api.com/v6/latest/USD (https://www.exchangerate-api.com, Sun, 27 Sep 2026 00:02:31 +0000)",
2026-09-27,CH,Individual price USD,19.25,USD,17.98,,19.25,0,"https://open.er-api.com/v6/latest/USD (https://www.exchangerate-api.com, Sun, 27 Sep 2026 00:02:31 +0000)",
2026-09-27,DE,Individual price USD,14.8,USD,13.66,,14.81,-0.1,"https://open.er-api.com/v6/latest/USD (https://www.exchangerate-api.com, Sun, 27 Sep 2026 00:02:31 +0000)",
2026-09-27,DK,Individual price USD,18.14,USD,,,18.14,0,"https://open.er-api.com/v6/latest/USD (https://www.exchangerate-api.com, Sun, 27 Sep 2026 00:02:31 +0000)",
2026-09-27,ES,Individual price USD,13.66,USD,13.66,,13.67,-0.1,"https://open.er-api.com/v6/latest/USD (https://www.exchangerate-api.com, Sun, 27 Sep 2026 00:02:31 +0000)",
2026-09-27,FR,Individual price USD,13.83,USD,13.66,,13.84,-0.1,"https://open.er-api.com/v6/latest/USD (https://www.exchangerate-api.com, Sun, 27 Sep 2026 00:02:31 +0000)",
2026-09-27,GB,Individual price USD,17.2,USD,15.88,,17.2,0,"https://open.er-api.com/v6/latest/USD (https://www.exchangerate-api.com, Sun, 27 Sep 2026 00:02:31 +0000)",
2026-09-27,ID,Individual price USD,3.35,USD,,,3.35,0,"https://open.er-api.com/v6/latest/USD (https://www.exchangerate-api.com, Sun, 27 Sep 2026 00:02:31 +0000)",
2026-09-27,IE,Individual price USD,14.8,USD,,,14.81,-0.1,"https://open.er-api.com/v6/latest/USD (https://www.exchangerate-api.com, Sun, 27 Sep 2026 00:02:31 +0000)",
2026-09-27,IN,Individual price USD,1.45,USD,1.45,,1.45,0,"https://open.er-api.com/v6/latest/USD (https://www.exchangerate-api.com, Sun, 27 Sep 2026 00:02:31 +0000)",
2026-09-27,IT,Individual price USD,13.66,USD,13.66,,13.67,-0.1,"https://open.er-api.com/v6/latest/USD (https://www.exchangerate-api.com, Sun, 27 Sep 2026 00:02:31 +0000)",
2026-09-27,KR,Individual price USD,8.84,USD,6.56,,8.83,0.1,"https://open.er-api.com/v6/latest/USD (https://www.exchangerate-api.com, Sun, 27 Sep 2026 00:02:31 +0000)",
2026-09-27,MX,Individual price USD,7.86,USD,7.86,,7.87,-0.1,"https://open.er-api.com/v6/latest/USD (https://www.exchangerate-api.com, Sun, 27 Sep 2026 00:02:31 +0000)",
2026-09-27,NG,Individual price USD,1.2,USD,,,,,"https://open.er-api.com/v6/latest/USD (https://www.exchangerate-api.com, Sun, 27 Sep 2026 00:02:31 +0000)",
2026-09-27,NL,Individual price USD,15.94,USD,13.66,,15.95,-0.1,"https://open.er-api.com/v6/latest/USD (https://www.exchangerate-api.com, Sun, 27 Sep 2026 00:02:31 +0000)",
2026-09-27,NO,Individual price USD,14.62,USD,,,14.62,0,"https://open.er-api.com/v6/latest/USD (https://www.exchangerate-api.com, Sun, 27 Sep 2026 00:02:31 +0000)",
2026-09-27,PH,Individual price USD,2.7,USD,,,2.7,0,"https://open.er-api.com/v6/latest/USD (https://www.exchangerate-api.com, Sun, 27 Sep 2026 00:02:31 +0000)",
2026-09-27,PL,Individual price USD,7.03,USD,,,7.04,-0.1,"https://open.er-api.com/v6/latest/USD (https://www.exchangerate-api.com, Sun, 27 Sep 2026 00:02:31 +0000)",
2026-09-27,PT,Individual price USD,10.24,USD,10.24,,10.25,-0.1,"https://open.er-api.com/v6/latest/USD (https://www.exchangerate-api.com, Sun, 27 Sep 2026 00:02:31 +0000)",
2026-09-27,SE,Individual price USD,13.02,USD,,,13.02,0,"https://open.er-api.com/v6/latest/USD (https://www.exchangerate-api.com, Sun, 27 Sep 2026 00:02:31 +0000)",
2026-09-27,TH,Individual price USD,4.46,USD,,,4.46,0,"https://open.er-api.com/v6/latest/USD (https://www.exchangerate-api.com, Sun, 27 Sep 2026 00:02:31 +0000)",
2026-09-27,TR,Individual price USD,2.02,USD,,,2.02,0,"https://open.er-api.com/v6/latest/USD (https://www.exchangerate-api.com, Sun, 27 Sep 2026 00:02:31 +0000)",
2026-09-27,US,Individual price USD,12.99,USD,,15.99,12.99,0,"https://open.er-api.com/v6/latest/USD (https://www.exchangerate-api.com, Sun, 27 Sep 2026 00:02:31 +0000)",
2026-09-27,VN,Individual price USD,2.5,USD,,,2.5,0,"https://open.er-api.com/v6/latest/USD (https://www.exchangerate-api.com, Sun, 27 Sep 2026 00:02:31 +0000)",
2026-09-27,ZA,Individual price USD,4.29,USD,,,4.29,0,"https://open.er-api.com/v6/latest/USD (https://www.exchangerate-api.com, Sun, 27 Sep 2026 00:02:31 +0000)",
2026-09-28,AE,Individual price,23.99,AED,,,23.99,0,https://www.spotify.com/ae-en/premium/,
2026-09-28,AE,Student price,12.99,AED,,,12.99,0,https://www.spotify.com/ae-en/premium/,
2026-09-28,AE,Platinum price,59.99,AED,,,59.99,0,https://www.spotify.com/ae-en/premium/,
2026-09-28,AE,Trial months,1,,,,1,0,https://www.spotify.com/ae-en/premium/,
2026-09-28,AE,Promo offers,2,,,,3,-33.3,https://www.spotify.com/ae-en/premium/,
2026-09-28,AR,Individual price,4499,ARS,,,,,https://www.spotify.com/ar/premium/,
2026-09-28,AR,Student price,2299,ARS,,,,,https://www.spotify.com/ar/premium/,
2026-09-28,AR,Duo price,5999,ARS,,,,,https://www.spotify.com/ar/premium/,
2026-09-28,AR,Family price,7599,ARS,,,,,https://www.spotify.com/ar/premium/,
2026-09-28,AR,Trial months,1,,,,,,https://www.spotify.com/ar/premium/,
2026-09-28,AR,Promo offers,2,,,,,,https://www.spotify.com/ar/premium/,
2026-09-28,AU,Individual price,15.99,AUD,14.99,,15.99,0,https://www.spotify.com/au/premium/,
2026-09-28,AU,Student price,7.99,AUD,7.99,,7.99,0,https://www.spotify.com/au/premium/,
2026-09-28,AU,Duo price,22.99,AUD,,,22.99,0,https://www.spotify.com/au/premium/,
2026-09-28,AU,Family price,27.99,AUD,23.99,,27.99,0,https://www.spotify.com/au/premium/,
2026-09-28,AU,Trial months,1,,,,1,0,https://www.spotify.com/au/premium/,
2026-09-28,AU,Promo offers,2,,3,,4,-50,https://www.spotify.com/au/premium/,
2026-09-28,BE,Individual price,13.99,EUR,,,13.99,0,https://www.spotify.com/be-nl/premium/,
2026-09-28,BE,Student price,6.99,EUR,,,6.99,0,https://www.spotify.com/be-nl/premium/,
2026-09-28,BE,Duo price,19.99,EUR,,,19.99,0,https://www.spotify.com/be-nl/premium/,
2026-09-28,BE,Family price,23.99,EUR,,,23.99,0,https://www.spotify.com/be-nl/premium/,
2026-09-28,BE,Trial months,1,,,,1,0,https://www.spotify.com/be-nl/premium/,
2026-09-28,BE,Promo offers,2,,,,4,-50,https://www.spotify.com/be-nl/premium/,
2026-09-28,BR,Individual price,23.9,BRL,,,23.9,0,https://www.spotify.com/br-pt/premium/,
2026-09-28,BR,Student price,12.9,BRL,,,12.9,0,https://www.spotify.com/br-pt/premium/,
2026-09-28,BR,Duo price,31.9,BRL,,,31.9,0,https://www.spotify.com/br-pt/premium/,
2026-09-28,BR,Family price,40.9,BRL,,,40.9,0,https://www.spotify.com/br-pt/premium/,
2026-09-28,BR,Trial months,1,,,,1,0,https://www.spotify.com/br-pt/premium/,
2026-09-28,BR,Promo offers,2,,,,2,0,https://www.spotify.com/br-pt/premium/,
2026-09-28,CA,Individual price,13.99,CAD,11.99,,13.99,0,https://www.spotify.com/ca-en/premium/,
2026-09-28,CA,Student price,6.39,CAD,5.99,,6.39,0,https://www.spotify.com/ca-en/premium/,
2026-09-28,CA,Duo price,19.99,CAD,,,19.99,0,https://www.spotify.com/ca-en/premium/,
2026-09-28,CA,Family price,23.99,CAD,19.99,,23.99,0,https://www.spotify.com/ca-en/premium/,
2026-09-28,CA,Trial months,1,,,,1,0,https://www.spotify.com/ca-en/premium/,
2026-09-28,CA,Promo offers,2,,3,,4,-50,https://www.spotify.com/ca-en/premium/,
2026-09-28,CH,Individual price,15.95,CHF,,,15.95,0,https://www.spotify.com/ch-en/premium/,
2026-09-28,CH,Student price,8.95,CHF,,,8.95,0,https://www.spotify.com/ch-en/premium/,
2026-09-28,CH,Duo price,21.95,CHF,,,21.95,0,https://www.spotify.com/ch-en/premium/,
2026-09-28,CH,Family price,26.95,CHF,,,26.95,0,https://www.spotify.com/ch-en/premium/,
2026-09-28,CH,Trial months,1,,,,1,0,https://www.spotify.com/ch-en/premium/,
2026-09-28,CH,Promo offers,2,,,,4,-50,https://www.spotify.com/ch-en/premium/,
2026-09-28,CL,Individual price,4950,CLP,,,,,https://www.spotify.com/cl/premium/,
2026-09-28,CL,Student price,2700,CLP,,,,,https://www.spotify.com/cl/premium/,
2026-09-28,CL,Duo price,6750,CLP,,,,,https://www.spotify.com/cl/premium/,
2026-09-28,CL,Family price,8250,CLP,,,,,https://www.spotify.com/cl/premium/,
2026-09-28,CL,Trial months,1,,,,,,https://www.spotify.com/cl/premium/,
2026-09-28,CL,Promo offers,2,,,,,,https://www.spotify.com/cl/premium/,
2026-09-28,CO,Individual price,18500,COP,,,18500,0,https://www.spotify.com/co-es/premium/,
2026-09-28,CO,Student price,10100,COP,,,10100,0,https://www.spotify.com/co-es/premium/,
2026-09-28,CO,Duo price,24500,COP,,,24500,0,https://www.spotify.com/co-es/premium/,
2026-09-28,CO,Family price,30500,COP,,,30500,0,https://www.spotify.com/co-es/premium/,
2026-09-28,CO,Trial months,1,,,,1,0,https://www.spotify.com/co-es/premium/,
2026-09-28,CO,Promo offers,2,,,,4,-50,https://www.spotify.com/co-es/premium/,
2026-09-28,DE,Individual price,12.99,EUR,,,12.99,0,https://www.spotify.com/de/premium/,
2026-09-28,DE,Student price,6.99,EUR,,,6.99,0,https://www.spotify.com/de/premium/,
2026-09-28,DE,Duo price,17.99,EUR,,,17.99,0,https://www.spotify.com/de/premium/,
2026-09-28,DE,Family price,21.99,EUR,,,21.99,0,https://www.spotify.com/de/premium/,
2026-09-28,DE,Trial months,1,,,,1,0,https://www.spotify.com/de/premium/,
2026-09-28,DE,Promo offers,2,,,,4,-50,https://www.spotify.com/de/premium/,
2026-09-28,DK,Individual price,119,DKK,,,119,0,https://www.spotify.com/dk-da/premium/,
2026-09-28,DK,Student price,65,DKK,,,65,0,https://www.spotify.com/dk-da/premium/,
2026-09-28,DK,Duo price,169,DKK,,,169,0,https://www.spotify.com/dk-da/premium/,
2026-09-28,DK,Family price,199,DKK,,,199,0,https://www.spotify.com/dk-da/premium/,
2026-09-28,DK,Trial months,1,,,,1,0,https://www.spotify.com/dk-da/premium/,
2026-09-28,DK,Promo offers,2,,,,4,-50,https://www.spotify.com/dk-da/premium/,
2026-09-28,ES,Individual price,11.99,EUR,,,11.99,0,https://www.spotify.com/es/premium/,
2026-09-28,ES,Student price,6.49,EUR,,,6.49,0,https://www.spotify.com/es/premium/,
2026-09-28,ES,Duo price,16.99,EUR,,,16.99,0,https://www.spotify.com/es/premium/,
2026-09-28,ES,Family price,20.99,EUR,,,20.99,0,https://www.spotify.com/es/premium/,
2026-09-28,ES,Trial months,1,,,,1,0,https://www.spotify.com/es/premium/,
2026-09-28,ES,Promo offers,2,,,,1,100,https://www.spotify.com/es/premium/,
2026-09-28,FR,Individual price,12.14,EUR,,,12.14,0,https://www.spotify.com/fr/premium/,
2026-09-28,FR,Student price,7.07,EUR,,,7.07,0,https://www.spotify.com/fr/premium/,
2026-09-28,FR,Duo price,17.2,EUR,,,17.2,0,https://www.spotify.com/fr/premium/,
2026-09-28,FR,Family price,21.24,EUR,,,21.24,0,https://www.spotify.com/fr/premium/,
2026-09-28,FR,Trial months,1,,,,1,0,https://www.spotify.com/fr/premium/,
2026-09-28,FR,Promo offers,2,,,,4,-50,https://www.spotify.com/fr/premium/,
2026-09-28,GB,Individual price,12.99,GBP,11.99,12.99,12.99,0,https://www.spotify.com/uk/premium/,
2026-09-28,GB,Student price,5.99,GBP,5.99,7.99,5.99,0,https://www.spotify.com/uk/premium/,
2026-09-28,GB,Duo price,17.99,GBP,,,17.99,0,https://www.spotify.com/uk/premium/,
2026-09-28,GB,Family price,21.99,GBP,19.99,19.99,21.99,0,https://www.spotify.com/uk/premium/,
2026-09-28,GB,Trial months,1,,,1,1,0,https://www.spotify.com/uk/premium/,
2026-09-28,GB,Promo offers,2,,3,4,4,-50,https://www.spotify.com/uk/premium/,
2026-09-28,ID,Individual price,59900,IDR,,,59900,0,https://www.spotify.com/id-id/premium/,
2026-09-28,ID,Student price,29900,IDR,,,29900,0,https://www.spotify.com/id-id/premium/,
2026-09-28,ID,Platinum price,119900,IDR,,,119900,0,https://www.spotify.com/id-id/premium/,
2026-09-28,ID,Trial months,2,,,,2,0,https://www.spotify.com/id-id/premium/,
2026-09-28,ID,Promo offers,2,,,,2,0,https://www.spotify.com/id-id/premium/,
2026-09-28,IE,Individual price,12.99,EUR,,,12.99,0,https://www.spotify.com/ie/premium/,
2026-09-28,IE,Student price,6.99,EUR,,,6.99,0,https://www.spotify.com/ie/premium/,
2026-09-28,IE,Duo price,18.99,EUR,,,18.99,0,https://www.spotify.com/ie/premium/,
2026-09-28,IE,Family price,22.99,EUR,,,22.99,0,https://www.spotify.com/ie/premium/,
2026-09-28,IE,Trial months,1,,,,1,0,https://www.spotify.com/ie/premium/,
2026-09-28,IE,Promo offers,2,,,,4,-50,https://www.spotify.com/ie/premium/,
2026-09-28,IN,Individual price,139,INR,139,,139,0,https://www.spotify.com/in-en/premium/,
2026-09-28,IN,Student price,69,INR,69,,69,0,https://www.spotify.com/in-en/premium/,
2026-09-28,IN,Platinum price,299,INR,,,299,0,https://www.spotify.com/in-en/premium/,
2026-09-28,IN,Trial months,2,,,,2,0,https://www.spotify.com/in-en/premium/,
2026-09-28,IN,Promo offers,2,,3,,3,-33.3,https://www.spotify.com/in-en/premium/,
2026-09-28,IT,Individual price,11.99,EUR,,,11.99,0,https://www.spotify.com/it/premium/,
2026-09-28,IT,Student price,6.49,EUR,,,6.49,0,https://www.spotify.com/it/premium/,
2026-09-28,IT,Duo price,16.99,EUR,,,16.99,0,https://www.spotify.com/it/premium/,
2026-09-28,IT,Family price,20.99,EUR,,,20.99,0,https://www.spotify.com/it/premium/,
2026-09-28,IT,Trial months,1,,,,1,0,https://www.spotify.com/it/premium/,
2026-09-28,IT,Promo offers,2,,,,4,-50,https://www.spotify.com/it/premium/,
2026-09-28,JP,Individual price,1080,JPY,,,1080,0,https://www.spotify.com/jp/premium/,
2026-09-28,JP,Student price,580,JPY,,,580,0,https://www.spotify.com/jp/premium/,
2026-09-28,JP,Duo price,1480,JPY,,,1480,0,https://www.spotify.com/jp/premium/,
2026-09-28,JP,Family price,1880,JPY,,,1880,0,https://www.spotify.com/jp/premium/,
2026-09-28,JP,Trial months,1,,,,,,https://www.spotify.com/jp/premium/,
2026-09-28,JP,Promo offers,2,,,,0,,https://www.spotify.com/jp/premium/,
2026-09-28,MX,Individual price,139,MXN,,,139,0,https://www.spotify.com/mx/premium/,
2026-09-28,MX,Student price,74,MXN,,,74,0,https://www.spotify.com/mx/premium/,
2026-09-28,MX,Duo price,189,MXN,,,189,0,https://www.spotify.com/mx/premium/,
2026-09-28,MX,Family price,239,MXN,,,239,0,https://www.spotify.com/mx/premium/,
2026-09-28,MX,Trial months,1,,,,1,0,https://www.spotify.com/mx/premium/,
2026-09-28,MX,Promo offers,2,,,,2,0,https://www.spotify.com/mx/premium/,
2026-09-28,NG,Individual price,1600,NGN,,,1600,0,https://www.spotify.com/ng/premium/,
2026-09-28,NG,Student price,800,NGN,,,800,0,https://www.spotify.com/ng/premium/,
2026-09-28,NG,Duo price,2100,NGN,,,2100,0,https://www.spotify.com/ng/premium/,
2026-09-28,NG,Family price,2500,NGN,,,2500,0,https://www.spotify.com/ng/premium/,
2026-09-28,NG,Trial months,1,,,,1,0,https://www.spotify.com/ng/premium/,
2026-09-28,NG,Promo offers,2,,,,4,-50,https://www.spotify.com/ng/premium/,
2026-09-28,NL,Individual price,13.99,EUR,,,13.99,0,https://www.spotify.com/nl/premium/,
2026-09-28,NL,Student price,6.99,EUR,,,6.99,0,https://www.spotify.com/nl/premium/,
2026-09-28,NL,Duo price,19.99,EUR,,,19.99,0,https://www.spotify.com/nl/premium/,
2026-09-28,NL,Family price,23.99,EUR,,,23.99,0,https://www.spotify.com/nl/premium/,
2026-09-28,NL,Trial months,1,,,,1,0,https://www.spotify.com/nl/premium/,
2026-09-28,NL,Promo offers,2,,,,4,-50,https://www.spotify.com/nl/premium/,
2026-09-28,NO,Individual price,139,NOK,,,139,0,https://www.spotify.com/no-nb/premium/,
2026-09-28,NO,Student price,75,NOK,,,75,0,https://www.spotify.com/no-nb/premium/,
2026-09-28,NO,Duo price,189,NOK,,,189,0,https://www.spotify.com/no-nb/premium/,
2026-09-28,NO,Family price,219,NOK,,,219,0,https://www.spotify.com/no-nb/premium/,
2026-09-28,NO,Trial months,1,,,,,,https://www.spotify.com/no-nb/premium/,
2026-09-28,NO,Promo offers,2,,,,4,-50,https://www.spotify.com/no-nb/premium/,
2026-09-28,PE,Individual price,20.9,PEN,,,,,https://www.spotify.com/pe/premium/,
2026-09-28,PE,Student price,11.9,PEN,,,,,https://www.spotify.com/pe/premium/,
2026-09-28,PE,Duo price,26.9,PEN,,,,,https://www.spotify.com/pe/premium/,
2026-09-28,PE,Family price,32.9,PEN,,,,,https://www.spotify.com/pe/premium/,
2026-09-28,PE,Trial months,1,,,,,,https://www.spotify.com/pe/premium/,
2026-09-28,PE,Promo offers,2,,,,,,https://www.spotify.com/pe/premium/,
2026-09-28,PH,Individual price,169,PHP,,,169,0,https://www.spotify.com/ph-en/premium/,
2026-09-28,PH,Student price,85,PHP,,,85,0,https://www.spotify.com/ph-en/premium/,
2026-09-28,PH,Duo price,229,PHP,,,229,0,https://www.spotify.com/ph-en/premium/,
2026-09-28,PH,Family price,279,PHP,,,279,0,https://www.spotify.com/ph-en/premium/,
2026-09-28,PH,Trial months,2,,,,2,0,https://www.spotify.com/ph-en/premium/,
2026-09-28,PH,Promo offers,4,,,,4,0,https://www.spotify.com/ph-en/premium/,
2026-09-28,PL,Individual price,26.99,PLN,,,26.99,0,https://www.spotify.com/pl/premium/,
2026-09-28,PL,Student price,14.49,PLN,,,14.49,0,https://www.spotify.com/pl/premium/,
2026-09-28,PL,Duo price,36.99,PLN,,,36.99,0,https://www.spotify.com/pl/premium/,
2026-09-28,PL,Family price,45.99,PLN,,,45.99,0,https://www.spotify.com/pl/premium/,
2026-09-28,PL,Trial months,1,,,,1,0,https://www.spotify.com/pl/premium/,
2026-09-28,PL,Promo offers,2,,,,4,-50,https://www.spotify.com/pl/premium/,
2026-09-28,PT,Individual price,8.99,EUR,,,8.99,0,https://www.spotify.com/pt-pt/premium/,
2026-09-28,PT,Student price,4.99,EUR,,,4.99,0,https://www.spotify.com/pt-pt/premium/,
2026-09-28,PT,Duo price,11.99,EUR,,,11.99,0,https://www.spotify.com/pt-pt/premium/,
2026-09-28,PT,Family price,15.49,EUR,,,15.49,0,https://www.spotify.com/pt-pt/premium/,
2026-09-28,PT,Family price,16.99,EUR,,,15.49,9.7,https://www.spotify.com/pt-pt/premium/,
2026-09-28,PT,Trial months,1,,,,1,0,https://www.spotify.com/pt-pt/premium/,
2026-09-28,PT,Promo offers,2,,,,4,-50,https://www.spotify.com/pt-pt/premium/,
2026-09-28,SA,Individual price,23.99,SAR,,,23.99,0,https://www.spotify.com/sa/premium/,
2026-09-28,SA,Platinum price,59.99,SAR,,,59.99,0,https://www.spotify.com/sa/premium/,
2026-09-28,SA,Trial months,1,,,,,,https://www.spotify.com/sa/premium/,
2026-09-28,SA,Promo offers,1,,,,0,,https://www.spotify.com/sa/premium/,
2026-09-28,SE,Individual price,129,SEK,,,129,0,https://www.spotify.com/se/premium/,
2026-09-28,SE,Student price,70,SEK,,,70,0,https://www.spotify.com/se/premium/,
2026-09-28,SE,Duo price,189,SEK,,,189,0,https://www.spotify.com/se/premium/,
2026-09-28,SE,Family price,219,SEK,,,219,0,https://www.spotify.com/se/premium/,
2026-09-28,SE,Trial months,1,,,,1,0,https://www.spotify.com/se/premium/,
2026-09-28,SE,Promo offers,2,,,,4,-50,https://www.spotify.com/se/premium/,
2026-09-28,TH,Individual price,149,THB,,,149,0,https://www.spotify.com/th-th/premium/,
2026-09-28,TH,Student price,79,THB,,,79,0,https://www.spotify.com/th-th/premium/,
2026-09-28,TH,Duo price,209,THB,,,209,0,https://www.spotify.com/th-th/premium/,
2026-09-28,TH,Family price,249,THB,,,249,0,https://www.spotify.com/th-th/premium/,
2026-09-28,TH,Trial months,2,,,,2,0,https://www.spotify.com/th-th/premium/,
2026-09-28,TH,Promo offers,4,,,,4,0,https://www.spotify.com/th-th/premium/,
2026-09-28,TR,Individual price,99,TRY,,,99,0,https://www.spotify.com/tr-tr/premium/,
2026-09-28,TR,Student price,55,TRY,,,55,0,https://www.spotify.com/tr-tr/premium/,
2026-09-28,TR,Duo price,135,TRY,,,135,0,https://www.spotify.com/tr-tr/premium/,
2026-09-28,TR,Family price,165,TRY,,,165,0,https://www.spotify.com/tr-tr/premium/,
2026-09-28,TR,Trial months,1,,,,1,0,https://www.spotify.com/tr-tr/premium/,
2026-09-28,TR,Promo offers,2,,,,4,-50,https://www.spotify.com/tr-tr/premium/,
2026-09-28,US,Individual price,12.99,USD,11.99,15.99,12.99,0,https://www.spotify.com/us/premium/,
2026-09-28,US,Student price,6.99,USD,6.99,8.99,6.99,0,https://www.spotify.com/us/premium/,
2026-09-28,US,Duo price,18.99,USD,,,18.99,0,https://www.spotify.com/us/premium/,
2026-09-28,US,Family price,21.99,USD,19.99,26.99,21.99,0,https://www.spotify.com/us/premium/,
2026-09-28,US,Trial months,1,,3,1,1,0,https://www.spotify.com/us/premium/,
2026-09-28,US,Promo offers,2,,3,4,4,-50,https://www.spotify.com/us/premium/,
2026-09-28,VN,Individual price,65000,VND,,,65000,0,https://www.spotify.com/vn-vi/premium/,
2026-09-28,VN,Student price,33000,VND,,,33000,0,https://www.spotify.com/vn-vi/premium/,
2026-09-28,VN,Trial months,2,,,,2,0,https://www.spotify.com/vn-vi/premium/,
2026-09-28,VN,Promo offers,2,,,,2,0,https://www.spotify.com/vn-vi/premium/,
2026-09-28,ZA,Individual price,69.99,ZAR,,,69.99,0,https://www.spotify.com/za-en/premium/,
2026-09-28,ZA,Student price,37.99,ZAR,,,37.99,0,https://www.spotify.com/za-en/premium/,
2026-09-28,ZA,Platinum price,179.99,ZAR,,,179.99,0,https://www.spotify.com/za-en/premium/,
2026-09-28,ZA,Trial months,1,,,,1,0,https://www.spotify.com/za-en/premium/,
2026-09-28,ZA,Promo offers,2,,,,4,-50,https://www.spotify.com/za-en/premium/,
2026-09-28,AE,Individual price USD,6.53,USD,,,6.53,0,"https://open.er-api.com/v6/latest/USD (https://www.exchangerate-api.com, Mon, 28 Sep 2026 00:02:31 +0000)",
2026-09-28,AR,Individual price USD,2.95,USD,,,,,"https://open.er-api.com/v6/latest/USD (https://www.exchangerate-api.com, Mon, 28 Sep 2026 00:02:31 +0000)",
2026-09-28,AU,Individual price USD,11.21,USD,10.51,,11.23,-0.2,"https://open.er-api.com/v6/latest/USD (https://www.exchangerate-api.com, Mon, 28 Sep 2026 00:02:31 +0000)",
2026-09-28,BE,Individual price USD,15.93,USD,,,15.94,-0.1,"https://open.er-api.com/v6/latest/USD (https://www.exchangerate-api.com, Mon, 28 Sep 2026 00:02:31 +0000)",
2026-09-28,BR,Individual price USD,4.61,USD,,,4.6,0.2,"https://open.er-api.com/v6/latest/USD (https://www.exchangerate-api.com, Mon, 28 Sep 2026 00:02:31 +0000)",
2026-09-28,CA,Individual price USD,9.89,USD,8.47,,9.9,-0.1,"https://open.er-api.com/v6/latest/USD (https://www.exchangerate-api.com, Mon, 28 Sep 2026 00:02:31 +0000)",
2026-09-28,CH,Individual price USD,19.23,USD,,,19.25,-0.1,"https://open.er-api.com/v6/latest/USD (https://www.exchangerate-api.com, Mon, 28 Sep 2026 00:02:31 +0000)",
2026-09-28,CL,Individual price USD,5.14,USD,,,,,"https://open.er-api.com/v6/latest/USD (https://www.exchangerate-api.com, Mon, 28 Sep 2026 00:02:31 +0000)",
2026-09-28,CO,Individual price USD,5.55,USD,,,5.68,-2.3,"https://open.er-api.com/v6/latest/USD (https://www.exchangerate-api.com, Mon, 28 Sep 2026 00:02:31 +0000)",
2026-09-28,DE,Individual price USD,14.79,USD,,,14.8,-0.1,"https://open.er-api.com/v6/latest/USD (https://www.exchangerate-api.com, Mon, 28 Sep 2026 00:02:31 +0000)",
2026-09-28,DK,Individual price USD,18.14,USD,,,18.14,0,"https://open.er-api.com/v6/latest/USD (https://www.exchangerate-api.com, Mon, 28 Sep 2026 00:02:31 +0000)",
2026-09-28,ES,Individual price USD,13.65,USD,,,13.66,-0.1,"https://open.er-api.com/v6/latest/USD (https://www.exchangerate-api.com, Mon, 28 Sep 2026 00:02:31 +0000)",
2026-09-28,FR,Individual price USD,13.82,USD,,,13.83,-0.1,"https://open.er-api.com/v6/latest/USD (https://www.exchangerate-api.com, Mon, 28 Sep 2026 00:02:31 +0000)",
2026-09-28,GB,Individual price USD,17.19,USD,15.87,17.19,17.2,-0.1,"https://open.er-api.com/v6/latest/USD (https://www.exchangerate-api.com, Mon, 28 Sep 2026 00:02:31 +0000)",
2026-09-28,ID,Individual price USD,3.34,USD,,,3.35,-0.3,"https://open.er-api.com/v6/latest/USD (https://www.exchangerate-api.com, Mon, 28 Sep 2026 00:02:31 +0000)",
2026-09-28,IE,Individual price USD,14.79,USD,,,14.8,-0.1,"https://open.er-api.com/v6/latest/USD (https://www.exchangerate-api.com, Mon, 28 Sep 2026 00:02:31 +0000)",
2026-09-28,IN,Individual price USD,1.45,USD,1.45,,1.45,0,"https://open.er-api.com/v6/latest/USD (https://www.exchangerate-api.com, Mon, 28 Sep 2026 00:02:31 +0000)",
2026-09-28,IT,Individual price USD,13.65,USD,,,13.66,-0.1,"https://open.er-api.com/v6/latest/USD (https://www.exchangerate-api.com, Mon, 28 Sep 2026 00:02:31 +0000)",
2026-09-28,JP,Individual price USD,6.86,USD,,,6.86,0,"https://open.er-api.com/v6/latest/USD (https://www.exchangerate-api.com, Mon, 28 Sep 2026 00:02:31 +0000)",
2026-09-28,MX,Individual price USD,7.84,USD,,,7.86,-0.3,"https://open.er-api.com/v6/latest/USD (https://www.exchangerate-api.com, Mon, 28 Sep 2026 00:02:31 +0000)",
2026-09-28,NG,Individual price USD,1.21,USD,,,1.2,0.8,"https://open.er-api.com/v6/latest/USD (https://www.exchangerate-api.com, Mon, 28 Sep 2026 00:02:31 +0000)",
2026-09-28,NL,Individual price USD,15.93,USD,,,15.94,-0.1,"https://open.er-api.com/v6/latest/USD (https://www.exchangerate-api.com, Mon, 28 Sep 2026 00:02:31 +0000)",
2026-09-28,NO,Individual price USD,14.61,USD,,,14.62,-0.1,"https://open.er-api.com/v6/latest/USD (https://www.exchangerate-api.com, Mon, 28 Sep 2026 00:02:31 +0000)",
2026-09-28,PE,Individual price USD,6.16,USD,,,,,"https://open.er-api.com/v6/latest/USD (https://www.exchangerate-api.com, Mon, 28 Sep 2026 00:02:31 +0000)",
2026-09-28,PH,Individual price USD,2.71,USD,,,2.7,0.4,"https://open.er-api.com/v6/latest/USD (https://www.exchangerate-api.com, Mon, 28 Sep 2026 00:02:31 +0000)",
2026-09-28,PL,Individual price USD,7.03,USD,,,7.03,0,"https://open.er-api.com/v6/latest/USD (https://www.exchangerate-api.com, Mon, 28 Sep 2026 00:02:31 +0000)",
2026-09-28,PT,Individual price USD,10.24,USD,,,10.24,0,"https://open.er-api.com/v6/latest/USD (https://www.exchangerate-api.com, Mon, 28 Sep 2026 00:02:31 +0000)",
2026-09-28,SA,Individual price USD,6.4,USD,,,6.4,0,"https://open.er-api.com/v6/latest/USD (https://www.exchangerate-api.com, Mon, 28 Sep 2026 00:02:31 +0000)",
2026-09-28,SE,Individual price USD,13,USD,,,13.02,-0.2,"https://open.er-api.com/v6/latest/USD (https://www.exchangerate-api.com, Mon, 28 Sep 2026 00:02:31 +0000)",
2026-09-28,TH,Individual price USD,4.46,USD,,,4.46,0,"https://open.er-api.com/v6/latest/USD (https://www.exchangerate-api.com, Mon, 28 Sep 2026 00:02:31 +0000)",
2026-09-28,TR,Individual price USD,2.02,USD,,,2.02,0,"https://open.er-api.com/v6/latest/USD (https://www.exchangerate-api.com, Mon, 28 Sep 2026 00:02:31 +0000)",
2026-09-28,US,Individual price USD,12.99,USD,11.99,15.99,12.99,0,"https://open.er-api.com/v6/latest/USD (https://www.exchangerate-api.com, Mon, 28 Sep 2026 00:02:31 +0000)",
2026-09-28,VN,Individual price USD,2.51,USD,,,2.5,0.4,"https://open.er-api.com/v6/latest/USD (https://www.exchangerate-api.com, Mon, 28 Sep 2026 00:02:31 +0000)",
2026-09-28,ZA,Individual price USD,4.29,USD,,,4.29,0,"https://open.er-api.com/v6/latest/USD (https://www.exchangerate-api.com, Mon, 28 Sep 2026 00:02:31 +0000)",
2026-09-28,GB,Individual price USD,17.21,USD,15.89,17.21,17.19,0.1,https://www.ecb.europa.eu/stats/policy_and_exchange_rates/euro_reference_exchange_rates/html/index.en.html; rates dated 2026-09-25 (EUR/USD 1.1403 and EUR/GBP 0.86045),
2026-09-29,AE,Individual price,23.99,AED,,,23.99,0,https://www.spotify.com/ae/premium/,
2026-09-29,AE,Platinum price,59.99,AED,,,59.99,0,https://www.spotify.com/ae/premium/,
2026-09-29,AE,Student price,12.99,AED,,,12.99,0,https://www.spotify.com/ae/premium/,
2026-09-29,AE,Promo offers,0,,,,2,-100,https://www.spotify.com/ae/premium/,
2026-09-29,AU,Individual price,15.99,AUD,14.99,,15.99,0,https://www.spotify.com/au/premium/,
2026-09-29,AU,Student price,7.99,AUD,7.99,,7.99,0,https://www.spotify.com/au/premium/,
2026-09-29,AU,Duo price,22.99,AUD,,,22.99,0,https://www.spotify.com/au/premium/,
2026-09-29,AU,Family price,27.99,AUD,23.99,,27.99,0,https://www.spotify.com/au/premium/,
2026-09-29,AU,Trial months,1,,,,1,0,https://www.spotify.com/au/premium/,
2026-09-29,AU,Promo offers,1,,3,,2,-50,https://www.spotify.com/au/premium/,
2026-09-29,BR,Individual price,23.9,BRL,23.9,,23.9,0,https://www.spotify.com/br/premium/,
2026-09-29,BR,Student price,12.9,BRL,12.9,,12.9,0,https://www.spotify.com/br/premium/,
2026-09-29,BR,Duo price,31.9,BRL,,,31.9,0,https://www.spotify.com/br/premium/,
2026-09-29,BR,Family price,40.9,BRL,40.9,,40.9,0,https://www.spotify.com/br/premium/,
2026-09-29,BR,Individual annual price,239,BRL,,,,,https://www.spotify.com/br/premium/,
2026-09-29,BR,Duo annual price,379,BRL,,,,,https://www.spotify.com/br/premium/,
2026-09-29,BR,Family annual price,490,BRL,,,,,https://www.spotify.com/br/premium/,
2026-09-29,BR,Promo offers,0,,3,,2,-100,https://www.spotify.com/br/premium/,
2026-09-29,CA,Individual price,13.99,CAD,11.99,,13.99,0,https://www.spotify.com/ca-en/premium/,
2026-09-29,CA,Student price,6.39,CAD,5.99,,6.39,0,https://www.spotify.com/ca-en/premium/,
2026-09-29,CA,Duo price,19.99,CAD,,,19.99,0,https://www.spotify.com/ca-en/premium/,
2026-09-29,CA,Family price,23.99,CAD,19.99,,23.99,0,https://www.spotify.com/ca-en/premium/,
2026-09-29,CA,Trial months,1,,,,1,0,https://www.spotify.com/ca-en/premium/,
2026-09-29,CA,Promo offers,1,,3,,2,-50,https://www.spotify.com/ca-en/premium/,
2026-09-29,CH,Individual price,15.95,CHF,,,15.95,0,https://www.spotify.com/ch/premium/,
2026-09-29,CH,Student price,8.95,CHF,,,8.95,0,https://www.spotify.com/ch/premium/,
2026-09-29,CH,Duo price,21.95,CHF,,,21.95,0,https://www.spotify.com/ch/premium/,
2026-09-29,CH,Family price,26.95,CHF,,,26.95,0,https://www.spotify.com/ch/premium/,
2026-09-29,CH,Promo offers,0,,,,2,-100,https://www.spotify.com/ch/premium/,
2026-09-29,DE,Individual price,12.99,EUR,11.99,,12.99,0,https://www.spotify.com/de/premium/,
2026-09-29,DE,Student price,6.99,EUR,6.99,,6.99,0,https://www.spotify.com/de/premium/,
2026-09-29,DE,Duo price,17.99,EUR,,,17.99,0,https://www.spotify.com/de/premium/,
2026-09-29,DE,Family price,21.99,EUR,19.99,,21.99,0,https://www.spotify.com/de/premium/,
2026-09-29,DE,Promo offers,0,,3,,2,-100,https://www.spotify.com/de/premium/,
2026-09-29,ES,Individual price,11.99,EUR,11.99,,11.99,0,https://www.spotify.com/es/premium/,
2026-09-29,ES,Student price,6.49,EUR,6.99,,6.49,0,https://www.spotify.com/es/premium/,
2026-09-29,ES,Duo price,16.99,EUR,,,16.99,0,https://www.spotify.com/es/premium/,
2026-09-29,ES,Family price,20.99,EUR,19.99,,20.99,0,https://www.spotify.com/es/premium/,
2026-09-29,ES,Promo offers,0,,3,,2,-100,https://www.spotify.com/es/premium/,
2026-09-29,FR,Individual price,12.14,EUR,11.99,,12.14,0,https://www.spotify.com/fr/premium/,
2026-09-29,FR,Student price,7.07,EUR,6.99,,7.07,0,https://www.spotify.com/fr/premium/,
2026-09-29,FR,Duo price,17.2,EUR,,,17.2,0,https://www.spotify.com/fr/premium/,
2026-09-29,FR,Family price,21.24,EUR,19.99,,21.24,0,https://www.spotify.com/fr/premium/,
2026-09-29,FR,Promo offers,0,,3,,2,-100,https://www.spotify.com/fr/premium/,
2026-09-29,GB,Individual price,12.99,GBP,11.99,,12.99,0,https://www.spotify.com/uk/premium/,
2026-09-29,GB,Student price,5.99,GBP,5.99,,5.99,0,https://www.spotify.com/uk/premium/,
2026-09-29,GB,Duo price,17.99,GBP,,,17.99,0,https://www.spotify.com/uk/premium/,
2026-09-29,GB,Family price,21.99,GBP,19.99,,21.99,0,https://www.spotify.com/uk/premium/,
2026-09-29,GB,Trial months,1,,,,1,0,https://www.spotify.com/uk/premium/,
2026-09-29,GB,Promo offers,1,,3,,2,-50,https://www.spotify.com/uk/premium/,
2026-09-29,IN,Individual price,139,INR,139,,139,0,https://www.spotify.com/in/premium/,
2026-09-29,IN,Platinum price,299,INR,,,299,0,https://www.spotify.com/in/premium/,
2026-09-29,IN,Student price,69,INR,69,,69,0,https://www.spotify.com/in/premium/,
2026-09-29,IN,Standard annual price,799,INR,,,,,https://www.spotify.com/in/premium/,
2026-09-29,IN,Trial months,2,,,,2,0,https://www.spotify.com/in/premium/,
2026-09-29,IN,Promo offers,1,,3,,2,-50,https://www.spotify.com/in/premium/,
2026-09-29,IT,Individual price,11.99,EUR,11.99,,11.99,0,https://www.spotify.com/it/premium/,
2026-09-29,IT,Student price,6.49,EUR,6.99,,6.49,0,https://www.spotify.com/it/premium/,
2026-09-29,IT,Duo price,16.99,EUR,,,16.99,0,https://www.spotify.com/it/premium/,
2026-09-29,IT,Family price,20.99,EUR,19.99,,20.99,0,https://www.spotify.com/it/premium/,
2026-09-29,IT,Promo offers,0,,3,,2,-100,https://www.spotify.com/it/premium/,
2026-09-29,JP,Individual price,1080,JPY,1180,,1080,0,https://www.spotify.com/jp/premium/,
2026-09-29,JP,Student price,580,JPY,680,,580,0,https://www.spotify.com/jp/premium/,
2026-09-29,JP,Promo offers,0,,3,,2,-100,https://www.spotify.com/jp/premium/,
2026-09-29,MX,Individual price,139,MXN,139,,139,0,https://www.spotify.com/mx/premium/,
2026-09-29,MX,Student price,74,MXN,75,,74,0,https://www.spotify.com/mx/premium/,
2026-09-29,MX,Duo price,189,MXN,,,189,0,https://www.spotify.com/mx/premium/,
2026-09-29,MX,Family price,239,MXN,239,,239,0,https://www.spotify.com/mx/premium/,
2026-09-29,MX,Individual annual price,1390,MXN,,,,,https://www.spotify.com/mx/premium/,
2026-09-29,MX,Duo annual price,2259,MXN,,,,,https://www.spotify.com/mx/premium/,
2026-09-29,MX,Family annual price,2860,MXN,,,,,https://www.spotify.com/mx/premium/,
2026-09-29,MX,Promo offers,0,,3,,2,-100,https://www.spotify.com/mx/premium/,
2026-09-29,NL,Duo price,19.99,EUR,,,19.99,0,https://www.spotify.com/nl/premium/,
2026-09-29,NL,Family price,23.99,EUR,,,23.99,0,https://www.spotify.com/nl/premium/,
2026-09-29,NL,Promo offers,0,,,,2,-100,https://www.spotify.com/nl/premium/,
2026-09-29,PL,Individual price,26.99,PLN,,,26.99,0,https://www.spotify.com/pl/premium/,
2026-09-29,PL,Student price,14.49,PLN,,,14.49,0,https://www.spotify.com/pl/premium/,
2026-09-29,PL,Duo price,36.99,PLN,,,36.99,0,https://www.spotify.com/pl/premium/,
2026-09-29,PL,Family price,45.99,PLN,,,45.99,0,https://www.spotify.com/pl/premium/,
2026-09-29,PL,Promo offers,0,,,,2,-100,https://www.spotify.com/pl/premium/,
2026-09-29,US,Individual price,12.99,USD,11.99,15.99,12.99,0,https://www.spotify.com/us/premium/,
2026-09-29,US,Student price,6.99,USD,6.99,8.99,6.99,0,https://www.spotify.com/us/premium/,
2026-09-29,US,Duo price,18.99,USD,,,18.99,0,https://www.spotify.com/us/premium/,
2026-09-29,US,Family price,21.99,USD,19.99,26.99,21.99,0,https://www.spotify.com/us/premium/,
2026-09-29,US,Trial months,1,,,1,1,0,https://www.spotify.com/us/premium/,
2026-09-29,US,Promo offers,2,,3,1,2,0,https://www.spotify.com/us/premium/,
2026-09-29,ZA,Individual price,69.99,ZAR,,,69.99,0,https://www.spotify.com/za/premium/,
2026-09-29,ZA,Platinum price,179.99,ZAR,,,179.99,0,https://www.spotify.com/za/premium/,
2026-09-29,ZA,Student price,37.99,ZAR,,,37.99,0,https://www.spotify.com/za/premium/,
2026-09-29,ZA,Promo offers,0,,,,2,-100,https://www.spotify.com/za/premium/,
2026-09-29,AE,Individual price USD,6.53,USD,,,6.53,0,"https://open.er-api.com/v6/latest/USD (https://www.exchangerate-api.com, Tue, 29 Sep 2026 00:02:31 +0000)",
2026-09-29,AU,Individual price USD,11.22,USD,10.52,,11.21,0.1,"https://open.er-api.com/v6/latest/USD (https://www.exchangerate-api.com, Tue, 29 Sep 2026 00:02:31 +0000)",
2026-09-29,BR,Individual price USD,4.59,USD,4.59,,4.61,-0.4,"https://open.er-api.com/v6/latest/USD (https://www.exchangerate-api.com, Tue, 29 Sep 2026 00:02:31 +0000)",
2026-09-29,CA,Individual price USD,9.88,USD,8.47,,9.89,-0.1,"https://open.er-api.com/v6/latest/USD (https://www.exchangerate-api.com, Tue, 29 Sep 2026 00:02:31 +0000)",
2026-09-29,CH,Individual price USD,19.18,USD,,,19.23,-0.3,"https://open.er-api.com/v6/latest/USD (https://www.exchangerate-api.com, Tue, 29 Sep 2026 00:02:31 +0000)",
2026-09-29,DE,Individual price USD,14.77,USD,13.64,,14.79,-0.1,"https://open.er-api.com/v6/latest/USD (https://www.exchangerate-api.com, Tue, 29 Sep 2026 00:02:31 +0000)",
2026-09-29,ES,Individual price USD,13.64,USD,13.64,,13.65,-0.1,"https://open.er-api.com/v6/latest/USD (https://www.exchangerate-api.com, Tue, 29 Sep 2026 00:02:31 +0000)",
2026-09-29,FR,Individual price USD,13.81,USD,13.64,,13.82,-0.1,"https://open.er-api.com/v6/latest/USD (https://www.exchangerate-api.com, Tue, 29 Sep 2026 00:02:31 +0000)",
2026-09-29,GB,Individual price USD,17.22,USD,15.89,,17.21,0.1,"https://open.er-api.com/v6/latest/USD (https://www.exchangerate-api.com, Tue, 29 Sep 2026 00:02:31 +0000)",
2026-09-29,IN,Individual price USD,1.45,USD,1.45,,1.45,0,"https://open.er-api.com/v6/latest/USD (https://www.exchangerate-api.com, Tue, 29 Sep 2026 00:02:31 +0000)",
2026-09-29,IT,Individual price USD,13.64,USD,13.64,,13.65,-0.1,"https://open.er-api.com/v6/latest/USD (https://www.exchangerate-api.com, Tue, 29 Sep 2026 00:02:31 +0000)",
2026-09-29,JP,Individual price USD,6.87,USD,7.5,,6.86,0.1,"https://open.er-api.com/v6/latest/USD (https://www.exchangerate-api.com, Tue, 29 Sep 2026 00:02:31 +0000)",
2026-09-29,MX,Individual price USD,7.77,USD,7.77,,7.84,-0.9,"https://open.er-api.com/v6/latest/USD (https://www.exchangerate-api.com, Tue, 29 Sep 2026 00:02:31 +0000)",
2026-09-29,PL,Individual price USD,7.02,USD,,,7.03,-0.1,"https://open.er-api.com/v6/latest/USD (https://www.exchangerate-api.com, Tue, 29 Sep 2026 00:02:31 +0000)",
2026-09-29,US,Individual price USD,12.99,USD,11.99,15.99,12.99,0,"https://open.er-api.com/v6/latest/USD (https://www.exchangerate-api.com, Tue, 29 Sep 2026 00:02:31 +0000)",
2026-09-29,ZA,Individual price USD,4.26,USD,,,4.29,-0.7,"https://open.er-api.com/v6/latest/USD (https://www.exchangerate-api.com, Tue, 29 Sep 2026 00:02:31 +0000)",
