yard_number,yard_name,address,city,state,state_name,zip,country,phone,hours,time_zone,latitude,longitude
203,AB - CALGARY,234082 84 ST SE,ROCKY VIEW COUNTY,AB,ALBERTA,T1X 0K2,Canada,403-290-1045,Monday-Friday 08:00 to 17:00,America/Edmonton,50.98496,-113.91296
204,AB - EDMONTON,3175 4TH STREET,NISKU,AB,ALBERTA,T9E 8L1,Canada,780-955-5596,Monday-Friday 08:00 to 17:00,America/Edmonton,53.373468,-113.519778
208,NB - MONCTON,1300 BERRY MILLS RD,MONCTON,NB,NEW BRUNSWICK,E1E 4R8,Canada,506-854-2942,,America/Halifax,46.09714,-64.86115
209,NS - HALIFAX,128 PARK ROAD,ELMSDALE,NS,NOVA SCOTIA,B2S 2L2,Canada,902-461-0238,,America/Halifax,44.9736,-63.5142
202,ON - LONDON,1809 GORE ROAD,LONDON,ON,ONTARIO,N5W 6C8,Canada,519-451-0992,,America/Toronto,42.98042,-81.15924
205,QC - MONTREAL,6900 MARIEN AVE,MONTREAL-EST,QC,QUEBEC,H1B 4W3,Canada,514-273-6352,Monday-Friday 08:00 to 17:00,America/Toronto,45.6383,-73.5291
113,AK - ANCHORAGE,401 W CHIPPERFIELD DR,ANCHORAGE,AK,ALASKA,99501-3007,United States,907-278-2221,Monday-Friday 08:00 to 17:00,America/Anchorage,61.21938,-149.83115
353,AK - ANCHORAGE SOUTH,8400 ARLON STREET,ANCHORAGE,AK,ALASKA,99507,United States,907-563-8343,Monday-Friday 08:00 to 17:00,ASDT,61.14432,-149.83643
136,AL - BIRMINGHAM,3101 DAVEY ALLISON BOULEVARD,HUEYTOWN,AL,ALABAMA,35023-2868,United States,205-424-0257,Monday-Friday 08:00 to 17:00,America/Chicago,33.4383,-86.9668
916,AL - CUSSETA,1070 COUNTY ROAD 79,CUSSETA,AL,ALABAMA,36852,United States,334-339-7836,,America/Chicago,32.738248,-85.306799
341,AL - DOTHAN,10428 WEST US 84,NEWTON,AL,ALABAMA,36352-8228,United States,334-229-9968,Monday-Friday 08:00 to 17:00,America/Chicago,31.245379,-85.559682
58,AL - MOBILE,4763 LOTT ROAD,EIGHT MILE,AL,ALABAMA,36613-8901,United States,251-649-5011,Monday-Friday 08:00 to 17:00,America/Chicago,30.7884,-88.21782
184,AL - MOBILE SOUTH,9401 OLD PASCAGOULA RD,THEODORE,AL,ALABAMA,36582,United States,251-220-1132,Monday-Friday 08:00 to 17:00,America/Chicago,30.541706,-88.265471
145,AL - MONTGOMERY,6044 TROY HIGHWAY,MONTGOMERY,AL,ALABAMA,36116-6553,United States,334-281-7264,Monday-Friday 08:00 to 17:00,America/Chicago,32.28582,-86.18663
66,AL - TANNER,20760 SANDY ROAD,TANNER,AL,ALABAMA,35671-4027,United States,256-306-9041,Monday-Friday 08:00 to 17:00,America/Chicago,34.6414,-86.9552
140,AR - FAYETTEVILLE,15976 BILL CAMPBELL ROAD,PRAIRIE GROVE,AR,ARKANSAS,72753-9334,United States,479-846-1244,Monday-Friday 08:00 to 17:00,America/Chicago,35.9667,-94.34861
21,AR - LITTLE ROCK,703 MAIN STREET,CONWAY,AR,ARKANSAS,72032,United States,501-796-2812,Monday-Friday 08:00 to 17:00,America/Chicago,35.08273,-92.2891
47,AZ - PHOENIX,615 SO. 51ST AVENUE,PHOENIX,AZ,ARIZONA,85043-4706,United States,602-484-7075,Monday-Friday 08:00 to 17:00,America/Phoenix,33.4404,-112.167
362,AZ - PHOENIX NORTH,24125 NORTH 7TH AVENUE,PHOENIX,AZ,ARIZONA,85085,United States,623-404-9300,,America/Phoenix,33.705025,-112.081955
93,AZ - TUCSON,5600 S. ARCADIA AVE,TUCSON,AZ,ARIZONA,85706-2000,United States,520-663-1900,Monday-Friday 08:00 to 17:00,America/Phoenix,32.14995,-110.88858
309,CA - ADELANTO,10429 PANSY RD,ADELANTO,CA,CALIFORNIA,92301,United States,442-219-7140,Monday-Friday 08:00 to 17:00,America/Los_Angeles,34.5448,-117.437
151,CA - ANTELOPE,8650 ANTELOPE NORTH ROAD,ANTELOPE,CA,CALIFORNIA,95843-3930,United States,916-721-7770,Monday-Friday 08:00 to 17:00,America/Los_Angeles,38.721157,-121.324304
5,CA - BAKERSFIELD,2216 COY AVENUE,BAKERSFIELD,CA,CALIFORNIA,93307-4446,United States,661-834-2556,Monday-Friday 08:00 to 17:00,America/Los_Angeles,35.3213,-118.9995
4,CA - FRESNO,1255 EAST CENTRAL,FRESNO,CA,CALIFORNIA,93725-9364,United States,559-266-6400,Monday-Friday 08:00 to 17:00,America/Los_Angeles,36.6757,-119.7645
3,CA - HAYWARD,1964 SABRE STREET,HAYWARD,CA,CALIFORNIA,94545-1022,United States,510-783-6511,Monday-Friday 08:00 to 17:00,America/Los_Angeles,37.65733,-122.13572
186,CA - LONG BEACH,1000 E. LOMITA BLVD.,WILMINGTON,CA,CALIFORNIA,90744-1609,United States,310-952-9316,Monday-Friday 08:00 to 17:00,America/Los_Angeles,33.7978,-118.256
10,CA - LOS ANGELES,8423 SOUTH ALAMEDA,LOS ANGELES,CA,CALIFORNIA,90001-4111,United States,323-583-1713,Monday-Friday 08:00 to 17:00,America/Los_Angeles,33.961446,-118.233348
78,CA - MARTINEZ,2701 WATERFRONT ROAD,MARTINEZ,CA,CALIFORNIA,94553-1450,United States,925-370-3900,Monday-Friday 08:00 to 17:00,America/Los_Angeles,38.0283,-122.09725
367,CA - MENTONE,801 OPAL AVENUE,MENTONE,CA,CALIFORNIA,92359,United States,909-588-1549,Monday-Friday 08:00 to 17:00,America/Los_Angeles,34.064054,-117.133093
190,CA - NAPA,1660 GREEN ISLAND ROAD,AMERICAN CANYON,CA,CALIFORNIA,94503,United States,707-690-1116,,America/Los_Angeles,38.1995,-122.284
97,CA - RANCHO CUCAMONGA,12167 ARROW ROUTE,RANCHO CUCAMONGA,CA,CALIFORNIA,91739-9601,United States,909-581-3595,Monday-Friday 08:00 to 17:00,America/Los_Angeles,34.0957,-117.539
343,CA - REDDING,4603 LOCUST ROAD,ANDERSON,CA,CALIFORNIA,96007-8706,United States,530-365-1253,Monday-Friday 08:00 to 17:00,America/Los_Angeles,40.422149,-122.268482
2,CA - SACRAMENTO,8600 MORRISON CREEK DR,SACRAMENTO,CA,CALIFORNIA,95828-1829,United States,916-381-3999,Monday-Friday 08:00 to 17:00,America/Los_Angeles,38.504858,-121.385043
7,CA - SAN BERNARDINO,1203 S. RANCHO AVE,COLTON,CA,CALIFORNIA,92324-3342,United States,909-825-7600,Monday-Friday 08:00 to 17:00,America/Los_Angeles,34.04952,-117.33171
59,CA - SAN DIEGO,7847 AIRWAY RD,SAN DIEGO,CA,CALIFORNIA,92154-8309,United States,619-671-0900,Monday-Friday 08:00 to 17:00,America/Los_Angeles,32.5571,-116.9705
6,CA - SAN JOSE,13895 LLAGAS AVE,SAN MARTIN,CA,CALIFORNIA,95046-9564,United States,408-683-9393,Monday-Friday 08:00 to 17:00,America/Los_Angeles,37.09287,-121.61253
16,CA - SO SACRAMENTO,8687 WEYAND AVE,SACRAMENTO,CA,CALIFORNIA,95828-2641,United States,916-381-5050,Monday-Friday 08:00 to 17:00,America/Los_Angeles,38.50144,-121.38293
180,CA - SUN VALLEY,11409 PENROSE STREET,SUN VALLEY,CA,CALIFORNIA,91352-3922,United States,818-771-9389,Monday-Friday 08:00 to 17:00,America/Los_Angeles,34.2235,-118.38025
1,CA - VALLEJO,282 FIFTH STREET,VALLEJO,CA,CALIFORNIA,94590-7203,United States,707-644-4468,Monday-Friday 08:00 to 17:00,America/Los_Angeles,38.094587,-122.245185
43,CA - VAN NUYS,7519 WOODMAN AVE.,VAN NUYS,CA,CALIFORNIA,91405-1509,United States,818-782-5315,Monday-Friday 08:00 to 17:00,America/Los_Angeles,34.2085,-118.4355
118,CO - COLORADO SPRINGS,640 WINTERS DRIVE,COLORADO SPRINGS,CO,COLORADO,80907-5336,United States,719-227-6256,Monday-Friday 08:00 to 17:00,America/Denver,38.887303,-104.816516
68,CO - DENVER,1281 COUNTY ROAD 27,BRIGHTON,CO,COLORADO,80603-9337,United States,303-659-0066,Monday-Friday 08:00 to 17:00,America/Denver,40.018595,-104.813397
120,CO - DENVER CENTRAL,6464 DOWNING STREET,DENVER,CO,COLORADO,80229-7226,United States,303-289-5242,Monday-Friday 08:00 to 17:00,America/Denver,39.814267,-104.971533
193,CO - DENVER SOUTH,8300 BLAKELAND DRIVE,LITTLETON,CO,COLORADO,80125-9741,United States,303-346-3265,Monday-Friday 08:00 to 17:00,America/Denver,39.558122,-105.043315
23,CT - HARTFORD,138 CHRISTIAN LANE,NEW BRITAIN,CT,CONNECTICUT,06051-4123,United States,860-666-1183,Monday-Friday 08:00 to 17:00,America/New_York,41.65083,-72.749047
350,CT - HARTFORD SPRINGFIELD,49 RUSSELL ROAD,EAST GRANBY,CT,CONNECTICUT,06026-9765,United States,860-392-7700,Monday-Friday 08:00 to 17:00,America/New_York,41.94396,-72.70064
130,DE - SEAFORD,26029 BETHEL CONCORD ROAD,SEAFORD,DE,DELAWARE,19973-6329,United States,302-628-5412,Monday-Friday 08:00 to 17:00,America/New_York,38.6299,-75.5632
366,FL - CLEWISTON,4545 COUNTY ROAD 835,CLEWISTON,FL,FLORIDA,33440,United States,863-310-1229,,America/New_York,26.695866,-80.902478
86,FL - FT. PIERCE,2601 CENTER ROAD,FORT PIERCE,FL,FLORIDA,34946-7502,United States,772-461-6110,Monday-Friday 08:00 to 17:00,America/New_York,27.4797,-80.3803
163,FL - JACKSONVILLE NORTH,10200 ALTON BOX RD,JACKSONVILLE,FL,FLORIDA,32218-5527,United States,904-800-4631,Monday-Friday 08:00 to 17:00,America/New_York,30.4246,-81.6497
105,FL - MIAMI CENTRAL,11858 NW 36TH AVE,MIAMI,FL,FLORIDA,33167-2916,United States,305-685-6608,Monday-Friday 08:00 to 17:00,America/New_York,25.8773,-80.2597
33,FL - MIAMI NORTH,12850 NW 27TH AVE.,OPA LOCKA,FL,FLORIDA,33054-5051,United States,305-688-6400,Monday-Friday 08:00 to 17:00,America/New_York,25.89173,-80.24397
148,FL - MIAMI SOUTH,24301 SW 137TH AVE,HOMESTEAD,FL,FLORIDA,33032-3801,United States,305-257-1422,Monday-Friday 08:00 to 17:00,America/New_York,25.541717,-80.41103
108,FL - OCALA,7100 NW 44 AVE,OCALA,FL,FLORIDA,34482,United States,352-732-5823,Monday-Friday 08:00 to 17:00,America/New_York,29.2612,-82.1957
153,FL - ORLANDO NORTH,3352 W ORANGE BLOSSOM TRAIL,APOPKA,FL,FLORIDA,32712-5870,United States,407-884-0993,Monday-Friday 08:00 to 17:00,America/New_York,28.69396,-81.564494
55,FL - ORLANDO SOUTH,307 EAST LANDSTREET ROAD,ORLANDO,FL,FLORIDA,32824-7826,United States,407-251-9832,Monday-Friday 08:00 to 17:00,America/New_York,28.43624,-81.37089
348,FL - PUNTA GORDA,10175 U.S. 17,ARCADIA,FL,FLORIDA,34269,United States,941-621-9386,Monday-Friday 08:00 to 17:00,America/New_York,27.074035,-81.961472
117,FL - TALLAHASSEE,1825 COMMERCE BLVD,MIDWAY,FL,FLORIDA,32343-6677,United States,850-575-2075,Monday-Friday 08:00 to 17:00,America/New_York,30.501973,-84.409749
335,FL - TAMPA NORTH,12511 N US HWY 301,THONOTOSASSA,FL,FLORIDA,33592,United States,813-670-7022,,America/New_York,28.07019,-82.298762
34,FL - TAMPA SOUTH,12020 US HIGHWAY 301 SOUTH,RIVERVIEW,FL,FLORIDA,33578-7610,United States,707-644-1729,Monday-Friday 08:00 to 17:00,America/New_York,27.824191,-82.328478
70,FL - WEST PALM BEACH,7876 W. BELVEDERE ROAD,WEST PALM BEACH,FL,FLORIDA,33411-3823,United States,561-798-5158,Monday-Friday 08:00 to 17:00,America/New_York,26.69202,-80.17167
107,GA - ATLANTA EAST,6089 HIGHWAY 20,LOGANVILLE,GA,GEORGIA,30052-4625,United States,770-554-6366,Monday-Friday 08:00 to 17:00,America/New_York,33.804175,-83.955933
157,GA - ATLANTA NORTH,1602 ATHENS HIGHWAY,GAINESVILLE,GA,GEORGIA,30507-7306,United States,770-534-0850,Monday-Friday 08:00 to 17:00,America/New_York,34.28115,-83.79216
146,GA - ATLANTA SOUTH,761 CLARK DRIVE,ELLENWOOD,GA,GEORGIA,30294-2655,United States,770-389-1768,Monday-Friday 08:00 to 17:00,America/New_York,33.625297,-84.245907
15,GA - ATLANTA WEST,2568 OLD ALABAMA ROAD,AUSTELL,GA,GEORGIA,30168,United States,770-941-9775,Monday-Friday 08:00 to 17:00,America/New_York,33.796993,-84.628615
359,GA - AUGUSTA,3810 HENSLEY RD,AUGUSTA,GA,GEORGIA,30906,United States,706-222-4333,Monday-Friday 08:00 to 17:00,America/New_York,33.357945,-82.040948
175,GA - CARTERSVILLE,1880 GEORGIA 113,CARTERSVILLE,GA,GEORGIA,30120,United States,678-721-0730,Monday-Friday 08:00 to 17:00,America/New_York,34.1198,-84.8955
173,GA - FAIRBURN,6737 ROOSEVELT HWY,FAIRBURN,GA,GEORGIA,30213-2834,United States,478-606-0000,Monday-Friday 08:00 to 17:00,America/New_York,33.5489,-84.6096
187,GA - MACON,304 SMITH ROAD,BYRON,GA,GEORGIA,31008,United States,478-298-4159,Monday-Friday 08:00 to 17:00,America/New_York,32.68307,-83.70268
87,GA - SAVANNAH,5510 SILK HOPE ROAD,SAVANNAH,GA,GEORGIA,31405-9301,United States,912-233-1936,Monday-Friday 08:00 to 17:00,America/New_York,32.04165,-81.212256
88,GA - TIFTON,399 OAKRIDGE CHURCH ROAD,TIFTON,GA,GEORGIA,31794-8897,United States,229-386-4900,Monday-Friday 08:00 to 17:00,America/New_York,31.407482,-83.48706
110,HI - HONOLULU,91-542 AWAKUMOKU ST,KAPOLEI,HI,HAWAII,96707-1841,United States,808-682-8770,Monday-Friday 08:00 to 17:00,Pacific/Honolulu,21.31825,-158.11695
398,IA - CEDAR RAPIDS,4000 6TH STREET SOUTHWEST,CEDAR RAPIDS,IA,IOWA,52404,United States,319-774-1050,,America/Chicago,41.93851,-91.67675
169,IA - DAVENPORT,3601 S 1ST STREET,ELDRIDGE,IA,IOWA,52748-9307,United States,563-275-3865,Monday-Friday 08:00 to 17:00,America/Chicago,41.623996,-90.578804
60,IA - DES MOINES,3300 VANDALIA ROAD,DES MOINES,IA,IOWA,50317,United States,515-262-1900,Monday-Friday 08:00 to 17:00,America/Chicago,41.57087,-93.55156
72,ID - BOISE,3716 NORTH MIDDLETON ROAD,NAMPA,ID,IDAHO,83687,United States,208-463-4040,Monday-Friday 08:00 to 17:00,America/Boise,43.619898,-116.616564
36,IL - CHICAGO NORTH,1475 BLUFF CITY BLVD,ELGIN,IL,ILLINOIS,60120-7419,United States,630-497-8343,Monday-Friday 08:00 to 17:00,America/Chicago,42.012721,-88.235227
81,IL - CHICAGO SOUTH,1301 STATE STREET,CHICAGO HEIGHTS,IL,ILLINOIS,60411-5546,United States,708-755-0506,Monday-Friday 08:00 to 17:00,America/Chicago,41.507096,-87.61598
51,IL - PEORIA,350 VETERANS DRIVE,PEKIN,IL,ILLINOIS,61554-8611,United States,309-272-3733,Monday-Friday 08:00 to 17:00,America/Chicago,40.52738,-89.655803
189,IL - SOUTHERN ILLINOIS,99 RACEHORSE DRIVE,CAHOKIA HEIGHTS,IL,ILLINOIS,62205-1001,United States,618-332-3115,Monday-Friday 08:00 to 17:00,America/Chicago,38.57757,-90.09685
156,IL - WHEELING,110 EAST PALATINE ROAD,WHEELING,IL,ILLINOIS,60090-6528,United States,847-229-6150,Monday-Friday 08:00 to 17:00,America/Chicago,42.11013,-87.91401
170,IN - CICERO,1461 E 226TH STREET,CICERO,IN,INDIANA,46034-9514,United States,317-758-0280,Monday-Friday 08:00 to 17:00,America/New_York,40.114,-86.1306
370,IN - DYER,641 JOLIET ST,DYER,IN,INDIANA,46311,United States,219-209-6992,Monday-Friday 08:00 to 17:00,America/Chicago,41.49391,-87.51375
360,IN - FORT WAYNE,3600 E. WASHINGTON BLVD.,FORT WAYNE,IN,INDIANA,46803-1546,United States,260-333-1153,Monday-Friday 08:00 to 17:00,America/New_York,41.07328,-85.09605
44,IN - INDIANAPOLIS,4040 OFFICE PLAZA BLVD,INDIANAPOLIS,IN,INDIANA,46254-2452,United States,317-216-2186,Monday-Friday 08:00 to 17:00,America/New_York,39.82933,-86.24742
369,KS - KANSAS CITY,8440 GIBBS ROAD,KANSAS CITY,KS,KANSAS,66111-2629,United States,913-548-0818,Monday-Friday 08:00 to 17:00,America/Chicago,39.0615,-94.7773
67,KS - WICHITA,4510 SOUTH MADISON AVENUE,WICHITA,KS,KANSAS,67216-3159,United States,316-554-0123,Monday-Friday 08:00 to 17:00,America/Chicago,37.612259,-97.306496
345,KY - EARLINGTON,700 N SANDCUT RD,EARLINGTON,KY,KENTUCKY,42410,United States,859-687-8699,Monday-Friday 08:00 to 17:00,America/Chicago,37.272147,-87.493158
115,KY - LEXINGTON EAST,5921 ATHENS BOONESBORO ROAD,LEXINGTON,KY,KENTUCKY,40509-9458,United States,859-264-7401,Monday-Friday 08:00 to 17:00,America/New_York,37.9586,-84.3731
83,KY - LEXINGTON WEST,1051 INDUSTRY ROAD,LAWRENCEBURG,KY,KENTUCKY,40342-9225,United States,502-859-0051,Monday-Friday 08:00 to 17:00,America/New_York,38.03097,-84.8895
143,KY - LOUISVILLE,3100 POND STATION ROAD,LOUISVILLE,KY,KENTUCKY,40272-2985,United States,502-361-1881,Monday-Friday 08:00 to 17:00,America/New_York,38.1096,-85.8218
138,KY - WALTON,13273 DIXIE HIGHWAY,WALTON,KY,KENTUCKY,41094-8130,United States,859-356-4900,Monday-Friday 08:00 to 17:00,America/New_York,38.850436,-84.59774
50,LA - BATON ROUGE,21595 GREENWELL SPRINGS ROAD,GREENWELL SPRINGS,LA,LOUISIANA,70739-5532,United States,225-261-0102,Monday-Friday 08:00 to 17:00,America/Chicago,30.560785,-90.991268
79,LA - NEW ORLEANS,14600 OLD GENTILLY ROAD,NEW ORLEANS,LA,LOUISIANA,70129-2348,United States,504-254-3944,Monday-Friday 08:00 to 17:00,America/Chicago,30.032855,-89.907853
84,LA - SHREVEPORT,5235 GREENWOOD RD,SHREVEPORT,LA,LOUISIANA,71109-5405,United States,318-636-4242,Monday-Friday 08:00 to 17:00,America/Chicago,32.4628,-93.8362
386,LA - VINTON,5690 FABACHER ROAD,SULPHUR,LA,LOUISIANA,70663,United States,337-548-4736,,America/Chicago,30.2228,-93.5089
361,MA - FREETOWN,170 S MAIN ST,ASSONET,MA,MASSACHUSETTS,02702,United States,774-271-5370,Monday-Friday 08:00 to 17:00,America/New_York,41.774033,-71.103028
53,MA - NORTH BOSTON,55R HIGH STREET,NORTH BILLERICA,MA,MASSACHUSETTS,01862-1632,United States,978-667-6787,Monday-Friday 08:00 to 17:00,America/New_York,42.57825,-71.27295
27,MA - SOUTH BOSTON,82 CAPE ROAD,MENDON,MA,MASSACHUSETTS,01756-1102,United States,508-473-4572,Monday-Friday 08:00 to 17:00,America/New_York,42.089551,-71.49635
149,MA - WEST WARREN,600 OLD WEST WARREN ROAD,WEST WARREN,MA,MASSACHUSETTS,01092,United States,413-436-5013,Monday-Friday 08:00 to 17:00,America/New_York,42.218264,-72.231039
32,DC - WASHINGTON DC,11055 BILLINGSLEY ROAD,WALDORF,MD,MARYLAND,20602-3455,United States,301-870-7844,Monday-Friday 08:00 to 17:00,America/New_York,38.58932,-76.93224
102,MD - BALTIMORE,2251 OLD WESTMINSTER PIKE,FINKSBURG,MD,MARYLAND,21048-1635,United States,410-871-9080,Monday-Friday 08:00 to 17:00,America/New_York,39.519041,-76.919716
342,MD - BALTIMORE EAST,601 W PATAPSCO AVE,BALTIMORE,MD,MARYLAND,21225,United States,443-589-5566,Monday-Friday 08:00 to 17:00,America/New_York,39.24002,-76.62492
90,ME - LYMAN,136 KENNEBUNK POND ROAD,LYMAN,ME,MAINE,04002-7719,United States,207-249-6176,Monday-Friday 08:00 to 17:00,America/New_York,43.489046,-70.631928
384,ME - WINDHAM,11 BEDROCK TERRACE,WINDHAM,ME,MAINE,04062,United States,207-383-1500,Monday-Friday 08:00 to 17:00,America/New_York,43.862804,-70.44752
61,MI - DETROIT,21000 HAYDEN DRIVE,WOODHAVEN,MI,MICHIGAN,48183-4366,United States,734-365-0070,Monday-Friday 08:00 to 17:00,America/New_York,42.120697,-83.237814
159,MI - FLINT,5000 N STATE ROAD,DAVISON,MI,MICHIGAN,48423-8502,United States,810-653-4161,Monday-Friday 08:00 to 17:00,America/New_York,43.077,-83.5132
160,MI - IONIA,8460 S STATE ROAD,PORTLAND,MI,MICHIGAN,48875-8700,United States,616-374-8818,Monday-Friday 08:00 to 17:00,America/New_York,42.865316,-85.078283
161,MI - KINCHELOE,5030 W KINCHELOE ROAD,KINCHELOE,MI,MICHIGAN,49788-1914,United States,906-542-4240,Monday-Friday 08:00 to 17:00,America/New_York,46.26767,-84.47157
103,MI - LANSING,3902 SOUTH CANAL RD,LANSING,MI,MICHIGAN,48917-9540,United States,517-322-2455,Monday-Friday 08:00 to 17:00,America/New_York,42.691895,-84.663756
385,MI - WAYLAND,1261 142ND AVENUE,WAYLAND,MI,MICHIGAN,49348,United States,616-222-3010,Monday-Friday 08:00 to 17:00,America/New_York,42.724718,-85.669086
37,MN - MINNEAPOLIS,10588 CENTRAL AVE NE,BLAINE,MN,MINNESOTA,55434-3513,United States,763-781-1025,Monday-Friday 08:00 to 17:00,America/Chicago,45.161889,-93.237636
80,MN - MINNEAPOLIS NORTH,1526 BUNKER LAKE BLVD,HAM LAKE,MN,MINNESOTA,55304-6921,United States,763-772-0700,Monday-Friday 08:00 to 17:00,America/Chicago,45.216981,-93.231867
52,MN - ST. CLOUD,200 COUNTY ROAD 159,AVON,MN,MINNESOTA,56310-8679,United States,320-356-2299,Monday-Friday 08:00 to 17:00,America/Chicago,45.602345,-94.435606
125,MO - COLUMBIA,8485 RICHLAND RD,COLUMBIA,MO,MISSOURI,65201-8826,United States,573-814-0070,Monday-Friday 08:00 to 17:00,America/Chicago,38.9501,-92.209
141,MO - SIKESTON,687 E OUTER ROAD,SIKESTON,MO,MISSOURI,63801-7262,United States,573-471-4550,Monday-Friday 08:00 to 17:00,America/Chicago,36.93844,-89.53129
92,MO - SPRINGFIELD,2889 E. US HIGHWAY 60,ROGERSVILLE,MO,MISSOURI,65742-7171,United States,417-200-0081,Monday-Friday 08:00 to 17:00,America/Chicago,37.1193,-93.0147
20,MO - ST. LOUIS,13033 TAUSSIG AVE,BRIDGETON,MO,MISSOURI,63044-1418,United States,314-291-8400,Monday-Friday 08:00 to 17:00,America/Chicago,38.780481,-90.423812
326,MS - GRENADA,15673 HIGHWAY 8,GRENADA,MS,MISSISSIPPI,38901,United States,662-442-4112,Monday-Friday 08:00 to 17:00,America/Chicago,33.7822,-89.877
40,MS - JACKSON,205 SOUTH RANKIN INDUSTRIAL DR,FLORENCE,MS,MISSISSIPPI,39073,United States,601-939-7941,Monday-Friday 08:00 to 17:00,America/Chicago,32.185546,-90.131664
122,MT - BILLINGS,1090 ISLAND PARK ROAD,BILLINGS,MT,MONTANA,59101-7318,United States,406-254-7516,Monday-Friday 08:00 to 17:00,America/Denver,45.8023,-108.459
106,MT - HELENA,3333 BOZEMAN AVENUE,HELENA,MT,MONTANA,59601-6406,United States,406-443-5060,Monday-Friday 08:00 to 17:00,America/Denver,46.597146,-111.973748
41,NC - CHINA GROVE,1081 RECOVERY ROAD,CHINA GROVE,NC,NORTH CAROLINA,28023-9223,United States,704-857-5177,Monday-Friday 08:00 to 17:00,America/New_York,35.580707,-80.557391
356,NC - CONCORD,7940 U.S. HIGHWAY 601 S.,CONCORD,NC,NORTH CAROLINA,28025-8271,United States,704-209-9699,Monday-Friday 08:00 to 17:00,America/New_York,35.309291,-80.518747
340,NC - GASTONIA,3060 FAIRVIEW DR,GASTONIA,NC,NORTH CAROLINA,28052,United States,980-326-5400,Monday-Friday 08:00 to 17:00,America/New_York,35.2974,-81.225
373,NC - LAGRANGE,7100 U.S. 70,LA GRANGE,NC,NORTH CAROLINA,28551,United States,743-500-5736,,America/New_York,35.2727,-77.7376
338,NC - LUMBERTON,4019 NC 72 HWY W,LUMBERTON,NC,NORTH CAROLINA,28360-5075,United States,910-671-5913,Monday-Friday 08:00 to 17:00,America/New_York,34.658843,-79.103036
154,NC - MEBANE,1870 US 70 HWY,MEBANE,NC,NORTH CAROLINA,27302-9437,United States,336-578-2934,Monday-Friday 08:00 to 17:00,America/New_York,36.0968,-79.326
196,NC - MOCKSVILLE,2668 HIGHWAY 601 SOUTH,MOCKSVILLE,NC,NORTH CAROLINA,27028-6910,United States,336-257-1804,Monday-Friday 08:00 to 17:00,America/New_York,35.829182,-80.534122
54,NC - RALEIGH,310 COPART ROAD,DUNN,NC,NORTH CAROLINA,28334-5446,United States,910-891-1252,Monday-Friday 08:00 to 17:00,America/New_York,35.267191,-78.621288
368,NC - RALEIGH NORTH,1900 OLD CREWS RD,KNIGHTDALE,NC,NORTH CAROLINA,27545,United States,984-246-2400,Monday-Friday 08:00 to 17:00,America/New_York,35.832418,-78.488218
363,ND - BISMARCK,3700 APPLE CREEK RD,BISMARCK,ND,NORTH DAKOTA,58504,United States,701-712-6390,Monday-Friday 08:00 to 17:00,America/Chicago,46.79478,-100.73492
123,NE - LINCOLN,13603 238TH STREET,GREENWOOD,NE,NEBRASKA,68366-1607,United States,402-325-1283,Monday-Friday 08:00 to 17:00,America/Chicago,40.97552,-96.39057
155,NH - CANDIA,134 RAYMOND ROAD,CANDIA,NH,NEW HAMPSHIRE,03034-2111,United States,603-483-0371,Monday-Friday 08:00 to 17:00,America/New_York,43.063397,-71.278545
31,NJ - GLASSBORO EAST,200 GROVE ST.,GLASSBORO,NJ,NEW JERSEY,08028-2600,United States,856-881-6700,Monday-Friday 08:00 to 17:00,America/New_York,39.695331,-75.106219
69,NJ - GLASSBORO WEST,781 JACOB HARRIS AVENUE,GLASSBORO,NJ,NEW JERSEY,08028-3273,United States,609-888-6808,Monday-Friday 08:00 to 17:00,America/New_York,39.6896,-75.1316
91,NJ - SOMERVILLE,2124 WEST CAMPLAIN ROAD,HILLSBOROUGH,NJ,NEW JERSEY,08844-4662,United States,908-541-2200,Monday-Friday 08:00 to 17:00,America/New_York,40.537496,-74.606092
135,NJ - TRENTON,108 NORTH MAIN STREET,WINDSOR,NJ,NEW JERSEY,08561-0489,United States,609-918-1720,Monday-Friday 08:00 to 17:00,America/New_York,40.250641,-74.575268
75,NM - ALBUQUERQUE,7705 BROADWAY SE,ALBUQUERQUE,NM,NEW MEXICO,87105-4755,United States,505-877-2424,Monday-Friday 08:00 to 17:00,America/Denver,34.984482,-106.658709
195,NV - 57 Storage,4810 N. LAMB BLVD,LAS VEGAS,NV,NEVADA,89115-1827,United States,702-498-6936,Monday-Friday 08:00 to 17:00,America/Los_Angeles,36.24808,-115.079
57,NV - LAS VEGAS,4810 N. LAMB BLVD,LAS VEGAS,NV,NEVADA,89115-1827,United States,702-638-9300,Monday-Friday 08:00 to 17:00,America/Los_Angeles,36.24808,-115.079
133,NV - LAS VEGAS WEST,3441 CLAYTON STREET,NORTH LAS VEGAS,NV,NEVADA,89032,United States,702-819-8709,Monday-Friday 08:00 to 17:00,America/Los_Angeles,36.2222,-115.1715
100,NV - RENO,9915 NORTH VIRGINIA STREET,RENO,NV,NEVADA,89506,United States,775-322-4377,Monday-Friday 08:00 to 17:00,America/Los_Angeles,39.615784,-119.88643
94,NY - ALBANY,1916 CENTRAL AVENUE,ALBANY,NY,NEW YORK,12205-4218,United States,518-452-9313,Monday-Friday 08:00 to 17:00,America/New_York,42.735507,-73.856509
344,NY - BUFFALO,8418 SOUTHWESTERN BLVD.,ANGOLA,NY,NEW YORK,14006-9726,United States,716-800-3145,Monday-Friday 08:00 to 17:00,America/New_York,42.65612,-78.97942
30,NY - LONG ISLAND,1983 MONTAUK HIGHWAY STE 2,BROOKHAVEN,NY,NEW YORK,11719-9203,United States,631-776-0994,Monday-Friday 08:00 to 17:00,America/New_York,40.77763,-72.93093
24,NY - NEWBURGH,91 RIVERVIEW DRIVE,MARLBORO,NY,NEW YORK,12542,United States,845-236-3371,Monday-Friday 08:00 to 17:00,America/New_York,41.621529,-73.957666
35,NY - ROCHESTER,4 WEST AVE,LEROY,NY,NEW YORK,14482-1366,United States,585-768-8160,Monday-Friday 08:00 to 17:00,America/New_York,42.9815,-78.00347
25,NY - SYRACUSE,46 ZUK-PIERCE RD,CENTRAL SQUARE,NY,NEW YORK,13036-2415,United States,315-676-7153,Monday-Friday 08:00 to 17:00,America/New_York,43.245848,-76.145409
376,OH - AKRON,745 NORTON AVENUE,BARBERTON,OH,OHIO,44203,United States,330-615-6199,Monday-Friday 08:00 to 17:00,America/New_York,41.027788,-81.617092
111,OH - CLEVELAND EAST,286 EAST TWINSBURG ROAD,NORTHFIELD,OH,OHIO,44067-2881,United States,330-423-1080,Monday-Friday 08:00 to 17:00,America/New_York,41.280849,-81.503872
112,OH - CLEVELAND WEST,34417 E. ROYALTON ROAD,COLUMBIA STATION,OH,OHIO,44028-9176,United States,440-748-8100,Monday-Friday 08:00 to 17:00,America/New_York,41.310569,-81.985561
29,OH - COLUMBUS,1680 WILLIAMS ROAD,COLUMBUS,OH,OHIO,43207-5111,United States,614-497-1590,Monday-Friday 08:00 to 17:00,America/New_York,39.890904,-82.947873
166,OH - DAYTON,4691 SPRINGBORO PIKE,MORAINE,OH,OHIO,45439-1950,United States,937-296-5371,Monday-Friday 08:00 to 17:00,America/New_York,39.6901,-84.22077
18,OK - OKLAHOMA CITY,2829 SE 15TH ST,OKLAHOMA CITY,OK,OKLAHOMA,73129-8450,United States,405-672-5674,Monday-Friday 08:00 to 17:00,America/Chicago,35.45062,-97.46107
19,OK - TULSA,2408 W 21ST STREET,TULSA,OK,OKLAHOMA,74107-3402,United States,918-582-3828,Monday-Friday 08:00 to 17:00,America/Chicago,36.131877,-96.021442
104,OR - EUGENE,29815 ENID ROAD EAST,EUGENE,OR,OREGON,97402-9600,United States,541-689-3533,Monday-Friday 08:00 to 17:00,America/Los_Angeles,44.118297,-123.173246
9,OR - PORTLAND NORTH,6900 NORTHEAST CORNFOOT ROAD,PORTLAND,OR,OREGON,97218,United States,503-281-0848,Monday-Friday 08:00 to 17:00,America/Los_Angeles,45.5728,-122.593
134,OR - PORTLAND SOUTH,2885 NATIONAL WAY,WOODBURN,OR,OREGON,97071-9666,United States,503-981-0038,Monday-Friday 08:00 to 17:00,America/Los_Angeles,45.159271,-122.828451
165,IT PIV YARD FOR CAD,133 ASPHALT LANE,ADAMSBURG,PA,PENNSYLVANIA,15611-1119,United States,724-523-9323,,America/New_York,40.30619,-79.65699
129,PA - ALTOONA,4007 ADMIRAL PEARY HWY,EBENSBURG,PA,PENNSYLVANIA,15931-3919,United States,814-472-5392,Monday-Friday 08:00 to 17:00,America/New_York,40.4585,-78.7711
128,PA - CHAMBERSBURG,2962 LINCOLN WAY WEST,CHAMBERSBURG,PA,PENNSYLVANIA,17202-8694,United States,717-264-3331,Monday-Friday 08:00 to 17:00,America/New_York,39.923921,-77.734533
76,PA - HARRISBURG,8 PARK DRIVE,GRANTVILLE,PA,PENNSYLVANIA,17028-8210,United States,717-861-7400,Monday-Friday 08:00 to 17:00,America/New_York,40.411393,-76.628504
26,PA - PHILADELPHIA,2704 GERYVILLE PIKE,PENNSBURG,PA,PENNSYLVANIA,18073-2303,United States,215-679-3164,Monday-Friday 08:00 to 17:00,America/New_York,40.398338,-75.473422
164,PA - PHILADELPHIA EAST-SUBLOT,77 BRISTOL ROAD,CHALFONT,PA,PENNSYLVANIA,18914-3201,United States,215-996-0971,Monday-Friday 08:00 to 17:00,America/New_York,40.291642,-75.193209
28,PA - PITTSBURGH NORTH,2000 RIVER ROAD,ELLWOOD CITY,PA,PENNSYLVANIA,16117-3772,United States,724-758-0480,Monday-Friday 08:00 to 17:00,America/New_York,40.85071,-80.31404
85,PA - PITTSBURGH SOUTH,526 THOMPSON RUN RD,WEST MIFFLIN,PA,PENNSYLVANIA,15122-1321,United States,412-464-4340,Monday-Friday 08:00 to 17:00,America/New_York,40.367,-79.8938
174,PA - PITTSBURGH WEST,1451 LEBANON SCHOOL ROAD,WEST MIFFLIN,PA,PENNSYLVANIA,15122-3431,United States,412-200-5626,Monday-Friday 08:00 to 17:00,America/New_York,40.3441,-79.9015
142,PA - SCRANTON,210 MCALPINE STREET,DURYEA,PA,PENNSYLVANIA,18642-1922,United States,570-451-1871,Monday-Friday 08:00 to 17:00,America/New_York,41.338137,-75.757649
127,PA - YORK HAVEN,795 SIPE RD,YORK HAVEN,PA,PENNSYLVANIA,17370-9787,United States,717-938-1879,Monday-Friday 08:00 to 17:00,America/New_York,40.112325,-76.787881
199,RI - EXETER,10 INDUSTRIAL DRIVE,EXETER,RI,RHODE ISLAND,02822-2000,United States,401-397-5711,Monday-Friday 08:00 to 17:00,America/New_York,41.57036,-71.658361
56,SC - COLUMBIA,700 SOUTHBOUND ROAD,GASTON,SC,SOUTH CAROLINA,29053,United States,803-794-3252,Monday-Friday 08:00 to 17:00,America/New_York,33.788346,-81.108366
197,SC - NORTH CHARLESTON,120 COMMERCE DRIVE,HARLEYVILLE,SC,SOUTH CAROLINA,29448-4205,United States,843-900-6769,Monday-Friday 08:00 to 17:00,America/New_York,33.19972,-80.450138
144,SC - SPARTANBURG,1922 NAZARETH CHURCH ROAD,SPARTANBURG,SC,SOUTH CAROLINA,29301-5944,United States,864-877-9113,Monday-Friday 08:00 to 17:00,America/New_York,34.925292,-82.057903
396,SD - RAPID CITY,2170 SEGER DRIVE,RAPID CITY,SD,SOUTH DAKOTA,57701,United States,605-600-2450,Monday-Friday 08:00 to 17:00,America/Denver,44.112991,-103.182194
114,TN - KNOXVILLE,6355 B HIGHWAY 411,MADISONVILLE,TN,TENNESSEE,37354-6763,United States,423-442-5866,Monday-Friday 08:00 to 17:00,America/New_York,35.453337,-84.436124
22,TN - MEMPHIS,5545 SWINNEA ROAD,MEMPHIS,TN,TENNESSEE,38118,United States,901-398-8989,Monday-Friday 08:00 to 17:00,America/Chicago,34.9995,-89.9767
63,TN - NASHVILLE,865 STUMPY LANE,LEBANON,TN,TENNESSEE,37090,United States,615-449-6195,Monday-Friday 08:00 to 17:00,America/Chicago,36.169741,-86.297043
8,TS - TEST STAGE Prod,1303 RIDGEVIEW DRIVE TESTEST,LEWISVILLE,TX,TEXAS,75057-4667,United States,253-872-7177,,America/Los_Angeles,32.93872,-96.82324
303,TSS TEST YARD,14185 DALLAS PARKWAY,DALLAS,TX,TEXAS,75254,United States,999-999-9999,,America/New_York,32.939013,-96.822981
73,TX - ABILENE,2630 FARM TO MARKET ROAD 3034,ABILENE,TX,TEXAS,79601,United States,325-676-2996,Monday-Friday 08:00 to 17:00,America/Chicago,32.5262,-99.7433
95,TX - AMARILLO,3999 S LOOP 335 E,AMARILLO,TX,TEXAS,79118-7400,United States,806-335-3701,Monday-Friday 08:00 to 17:00,America/Chicago,35.17204,-101.74074
185,TX - ANDREWS,1975 SOUTH WEST 860,ANDREWS,TX,TEXAS,79714-5041,United States,432-524-6353,Monday-Friday 08:00 to 17:00,America/Chicago,32.30975,-102.61346
62,TX - AUSTIN,8725 N INTERSTATE 35,NEW BRAUNFELS,TX,TEXAS,78130-7208,United States,830-625-2030,Monday-Friday 08:00 to 17:00,America/Chicago,29.793,-98.0283
96,TX - CORPUS CHRISTI,3200 AGNES STREET,CORPUS CHRISTI,TX,TEXAS,78405-2555,United States,361-884-9260,Monday-Friday 08:00 to 17:00,America/Chicago,27.787849,-97.425565
12,TX - DALLAS,505 IDLEWILD ROAD,GRAND PRAIRIE,TX,TEXAS,75051-2410,United States,972-263-2711,Monday-Friday 08:00 to 17:00,America/Chicago,32.74223,-96.9529
181,TX - DALLAS SOUTH,1701 EAST BELTLINE RD,WILMER,TX,TEXAS,75172-1528,United States,972-525-6015,Monday-Friday 08:00 to 17:00,America/Chicago,32.602,-96.6653
45,TX - EL PASO,501 VALLEY CHILI RD,ANTHONY,TX,TEXAS,79821-9305,United States,915-600-7145,Monday-Friday 08:00 to 17:00,America/Denver,31.974777,-106.587896
98,TX - FT. WORTH,950 BLUE MOUND ROAD WEST,HASLET,TX,TEXAS,76052-3840,United States,817-231-4500,Monday-Friday 08:00 to 17:00,America/Chicago,32.9438,-97.3809
11,TX - HOUSTON,1655 RANKIN ROAD,HOUSTON,TX,TEXAS,77073-4903,United States,281-214-7800,Monday-Friday 08:00 to 17:00,America/Chicago,29.968743,-95.372749
357,TX - HOUSTON EAST,15706 BEAUMONT HWY,HOUSTON,TX,TEXAS,77049-1968,United States,281-407-2658,Monday-Friday 08:00 to 17:00,America/Chicago,29.85146,-95.15938
14,TX - LONGVIEW,3046 HIGHWAY 322 SOUTH,LONGVIEW,TX,TEXAS,75603-7006,United States,903-643-9705,Monday-Friday 08:00 to 17:00,America/Chicago,32.374346,-94.719024
13,TX - LUFKIN,3700 OLD UNION ROAD,LUFKIN,TX,TEXAS,75904-4269,United States,936-639-3558,Monday-Friday 08:00 to 17:00,America/Chicago,31.320183,-94.773358
65,TX - MCALLEN,301 MILE 1 EAST,MERCEDES,TX,TEXAS,78570-4961,United States,956-514-4840,Monday-Friday 08:00 to 17:00,America/Chicago,26.1625,-97.8955
394,TX - NORTH AUSTIN,22225 US HIGHWAY 79,TAYLOR,TX,TEXAS,76574,United States,737-201-0441,,America/Chicago,30.585228,-97.347285
74,TX - SAN ANTONIO,11130 APPLEWHITE RD,SAN ANTONIO,TX,TEXAS,78224-3051,United States,210-628-1690,Monday-Friday 08:00 to 17:00,America/Chicago,29.30834,-98.54729
182,TX - WACO,7201 N GENERAL BRUCE DR,TEMPLE,TX,TEXAS,76501-6617,United States,254-773-8924,Monday-Friday 08:00 to 17:00,America/Chicago,31.163077,-97.317191
188,UT - OGDEN,3586 NORTH 2000 WEST,FARR WEST,UT,UTAH,84404-9127,United States,801-731-0216,Monday-Friday 08:00 to 17:00,America/Denver,41.3217,-112.0295
336,UT - SALT LAKE CITY,7320 WEST 2100 SOUTH,MAGNA,UT,UTAH,84044-1470,United States,801-770-0703,Monday-Friday 08:00 to 17:00,America/Denver,40.727692,-112.066426
82,VA - DANVILLE,12360 US. HWY 29,CHATHAM,VA,VIRGINIA,24531-3471,United States,434-473-6372,Monday-Friday 08:00 to 17:00,America/New_York,36.7698,-79.3883
194,VA - FREDERICKSBURG,4717 MASSAPONAX CHURCH ROAD,FREDERICKSBURG,VA,VIRGINIA,22408-8751,United States,540-595-3660,Monday-Friday 08:00 to 17:00,America/New_York,38.195129,-77.497141
162,VA - HAMPTON,16 NETTLES LANE,HAMPTON,VA,VIRGINIA,23666-1525,United States,757-766-2750,Monday-Friday 08:00 to 17:00,America/New_York,37.07055,-76.38501
139,VA - RICHMOND,5701 WHITESIDE RD,SANDSTON,VA,VIRGINIA,23150-2344,United States,804-328-1023,Monday-Friday 08:00 to 17:00,America/New_York,37.522875,-77.28928
101,VA - RICHMOND EAST,6300 CHAMBERS ROAD,CHARLES CITY,VA,VIRGINIA,23030-2323,United States,804-829-9160,Monday-Friday 08:00 to 17:00,America/New_York,37.44016,-77.156375
395,VT - RUTLAND,29 OLD ROUTE 4A,CENTER RUTLAND,VT,VERMONT,05736,United States,802-282-4433,Monday-Friday 08:00 to 17:00,America/New_York,43.5986,-73.0248
64,WA - GRAHAM,21421 MERIDIAN AVENUE EAST,GRAHAM,WA,WASHINGTON,98338-9206,United States,253-847-8300,Monday-Friday 08:00 to 17:00,PST,47.06099,-122.29319
48,WA - NORTH SEATTLE,16701 51ST AVE NE,ARLINGTON,WA,WASHINGTON,98223-6428,United States,360-651-6299,Monday-Friday 08:00 to 17:00,America/Los_Angeles,48.1476,-122.1565
71,WA - PASCO,3333 N. RAILROAD AVENUE,PASCO,WA,WASHINGTON,99301-9394,United States,509-547-1701,Monday-Friday 08:00 to 17:00,America/Los_Angeles,46.2597,-119.092
337,WA - SPANAWAY,18515 PACIFIC AVENUE SOUTH,SPANAWAY,WA,WASHINGTON,98387,United States,253-893-4347,,America/Los_Angeles,47.0864,-122.433
116,WA - SPOKANE,11019 WEST MCFARLANE ROAD,AIRWAY HEIGHTS,WA,WASHINGTON,99001-9029,United States,509-244-8585,Monday-Friday 08:00 to 17:00,America/Los_Angeles,47.626902,-117.566931
191,WI - APPLETON,2500 AMERICAN DRIVE,APPLETON,WI,WISCONSIN,54914-9012,United States,920-830-2892,Monday-Friday 08:00 to 17:00,America/Chicago,44.241557,-88.472976
308,WI - MADISON SOUTH,3925 LUDS CT,MCFARLAND,WI,WISCONSIN,53558,United States,608-668-4800,Monday-Friday 08:00 to 17:00,America/Chicago,43.040554,-89.23908
339,WI - MILWAUKEE NORTH,9201 N 107TH ST,MILWAUKEE,WI,WISCONSIN,53224,United States,414-219-0986,Monday-Friday 08:00 to 17:00,America/Chicago,43.18374,-88.0489
371,WI - MILWAUKEE SOUTH,10020 SOUTH 124TH STREET,FRANKLIN,WI,WISCONSIN,53132,United States,414-250-8844,Monday-Friday 08:00 to 17:00,America/Chicago,42.860505,-88.068823
89,WV - CHARLESTON,1746 US ROUTE 60,HURRICANE,WV,WEST VIRGINIA,25526-7634,United States,304-562-2088,Monday-Friday 08:00 to 17:00,America/New_York,38.4129,-82.0178
328,WY - CASPER,2600 SALT CREEK HIGHWAY,CASPER,WY,WYOMING,82601,United States,307-459-2406,,America/Denver,42.8844,-106.353
192,WY - CASPER,1998 OIL FIELD CENTER RD,CASPER,WY,WYOMING,82604-1947,United States,307-234-6363,Monday-Friday 08:00 to 17:00,MST,42.87447,-106.42787
